Author,gender,ethnicity,queer
A.K. Larkwood,Woman,White,TRUE
A.K.M. Beach,Unknown,White,FALSE
A.M. Dellamonica,Nonbinary,White,TRUE
A.M. Justice,Woman,White,FALSE
A.M. Sohma,Woman,White,FALSE
A.M. Strickland,Nonbinary,White,TRUE
A.R. Capetta,Nonbinary,White,TRUE
A.S. Etaski,Unknown,Unknown,None
A.T. Greenblatt,Woman,White,FALSE
A.W. Davidson,Man,White,FALSE
A.W. Exley,Woman,White,FALSE
Aaron A. Reed,Man,White,TRUE
Aaron Allston,Man,White,FALSE
Aaron Corwin,Man,White,FALSE
Aaron Dembski-Bowden,Man,White,FALSE
Aaron Hodges,Man,White,FALSE
Aaron Mahnke,Man,White,FALSE
Aaron Paquette,Man,Native,FALSE
Aaron Poochigian,Man,White,FALSE
Abi Elphinstone,Woman,White,FALSE
Abraham Riesman,Man,White,FALSE
Actus,Man,White,FALSE
Ada Hoffman,Nonbinary,White,TRUE
Ada Palmer,Woman,White,TRUE
Adalyn Grace,Woman,White,FALSE
Adam Cesare,Man,White,FALSE
Adam McOmber,Man,White,FALSE
Adam Nevill,Man,White,FALSE
Adam Roberts,Man,White,FALSE
Adam Silvera,Man,Hispanic,TRUE
Adam Soto,Man,Hispanic,FALSE
Adam Wing,Man,White,FALSE
Adam-Troy Castro,Man,White,FALSE
adastra339,Unknown,Unknown,None
Aden Polydoros,Man,White,TRUE
Aditi Khorana,Woman,Asian,FALSE
Adolfo Bioy Casares,Man,Hispanic,FALSE
Adrian Barnes,Man,White,FALSE
Adrian Collins,Unknown,Unknown,None
Adrian Tchaikovsky,Man,White,FALSE
Adrienne Maree Brown,Woman,Black,TRUE
Adrienne Tooley,Woman,White,TRUE
Adrienne Young,Woman,White,FALSE
Affonso Solano,Man,Hispanic,FALSE
Afia Atakora,Woman,Black,FALSE
Agnes Gomillion,Woman,Black,FALSE
Agustina Bazterrica,Woman,Hispanic,FALSE
Aiden Thomas,Man,Hispanic,TRUE
Aiki Flinthart,Woman,White,FALSE
Aimee Ogden,Woman,White,FALSE
Aimee Picchi,Woman,White,FALSE
Aisling Fowler,Woman,White,FALSE
Akemi Dawn Bowman,Woman,Asian,TRUE
Akira Toriyama,Man,Asian,FALSE
Akwaeke Emezi,Nonbinary,Black,TRUE
Al Ewing,Man,White,FALSE
Al Hess,Man,White,TRUE
Alain Damasio,Man,White,FALSE
Alan Dean Foster,Man,White,FALSE
Alan Garner,Man,White,FALSE
Alan Moore,Man,White,FALSE
Alastair Reynolds,Man,White,FALSE
Alaya Dawn Johnson,Woman,Black,FALSE
Albert Wetjen,Man,White,FALSE
Aldous Huxley,Man,White,FALSE
Alec Hutson,Man,White,FALSE
Alec Nevala-Lee,Man,Asian,FALSE
Alechia Dow,Woman,Black,FALSE
Alejandro Jodorowsky & Moebius,Man,Hispanic,TRUE
Alessandra Hazard,Woman,White,FALSE
Alessandro Manzetti,Man,White,FALSE
Alethea Kontis,Woman,White,FALSE
Alex Bledsoe,Man,White,FALSE
Alex Dalley MacFarlane,Woman,Unknown,None
Alex De Campi,Woman,White,FALSE
Alex Eiseman,Woman,White,TRUE
Alex Gilbert,Man,White,FALSE
Alex Irvine,Man,White,FALSE
Alex Marshall,Man,White,FALSE
Alex Myers,Man,White,TRUE
Alex Pheby,Man,White,FALSE
Alex Powell,Man,White,FALSE
Alex Robins,Man,White,FALSE
Alex S. Bradshaw,Man,White,FALSE
Alex Stewart,Man,White,FALSE
Alex Thomson,Man,White,FALSE
Alexander Darwin,Man,White,FALSE
Alexander Freed,Man,White,FALSE
Alexander Weinstein,Man,White,FALSE
Alexandra Bracken,Woman,White,FALSE
Alexandra Christo,Woman,White,FALSE
Alexandra Rowland,Nonbinary,White,TRUE
Alexia Gordon,Woman,Black,FALSE
Alexis Daria,Woman,Hispanic,FALSE
Alexis Hall,Man,White,TRUE
Alexis Henderson,Woman,Black,FALSE
Alexis Lothian,Woman,White,TRUE
Alfred Bester,Man,White,FALSE
Algernon Blackwood,Man,White,FALSE
Ali Shaw,Man,White,FALSE
Alice Hoffman,Woman,White,FALSE
Alice James,Woman,White,FALSE
Alicia Jasinska,Woman,White,TRUE
Alicia Wanstall-Burke,Woman,White,FALSE
Aliette de Bodard,Woman,Asian,TRUE
Alina Boyden,Woman,White,TRUE
Alison Goodman,Woman,White,FALSE
Alison Tam,Woman,Asian,FALSE
Alix E. Harrow,Woman,White,FALSE
Aliya Whiteley,Woman,White,FALSE
Allegra Pescatore,Woman,White,FALSE
Alli Temple,Woman,White,FALSE
Allie Therin,Woman,White,TRUE
Allison Saft,Woman,White,TRUE
Alma Alexander,Woman,White,TRUE
Alma Katsu,Woman,Asian,FALSE
Alvin Schwartz,Man,White,FALSE
Alyssa Cole,Woman,Black,FALSE
Alyssa Wong,Woman,Asian,TRUE
Amal El-Mohtar,Woman,Asian,FALSE
Amal El-Mohtar & Max Gladstone,Unknown,Asian,FALSE
Amanda Bouchet,Woman,White,FALSE
Amanda Creiglow,Woman,White,FALSE
Amanda Downum,Woman,White,TRUE
Amanda Foody,Woman,White,FALSE
Amanda Joy,Woman,Black,FALSE
Amanda Leduc,Woman,White,FALSE
Amanda Milo,Woman,Hispanic,FALSE
Amber Sparks,Woman,White,FALSE
Amelia Sides,Woman,White,FALSE
Amelie Wen Zhao,Woman,Asian,FALSE
Amerie Mi Marie Nicholson,Woman,White,FALSE
Ami McKay,Woman,White,FALSE
Amie Kaufman & Jay Kristoff,Unknown,White,FALSE
Amie Kaufman & Meagan Spooner,Woman,White,FALSE
Amitav Ghosh,Man,Asian,FALSE
Amorette Anderson,Woman,White,FALSE
Amos Tutuola,Man,Black,FALSE
Amy Harmon,Woman,White,FALSE
Amy Tintera,Woman,White,FALSE
Ana C. Reis,Woman,White,FALSE
Ana Davila Cardinal,Woman,Hispanic,FALSE
Ana Hurtado,Woman,Hispanic,FALSE
Ana Mardoll,Nonbinary,White,TRUE
AnaMaria Curtis,Woman,White,TRUE
Anatole Le Braz,Man,White,FALSE
Ander Louis,Man,White,FALSE
Andi C. Buchanan,Nonbinary,White,TRUE
Andre Norton,Woman,White,FALSE
Andrea Hairston,Woman,Black,FALSE
Andrea K. Host,Woman,White,FALSE
Andrea L. Bell & Yolanda Molina-Gavilan,Unknown,Hispanic,FALSE
Andrea Portes,Woman,White,FALSE
Andrea Stewart,Woman,Asian,FALSE
Andreas Eschbach,Man,White,FALSE
Andrew Caldecott,Man,White,FALSE
Andrew Hunter Murray,Man,White,FALSE
Andrew J. Heller,Man,White,FALSE
Andrew Karevik,Man,White,FALSE
Andrew Kelly Stewart,Man,White,FALSE
Andrew MacLean,Man,White,FALSE
Andrew May,Man,White,FALSE
Andrew Pyper,Man,White,FALSE
Andrew Rowe,Man,White,FALSE
Andrew Seiple,Man,White,FALSE
Andrew Taylor,Man,White,FALSE
Andrus Kivirahk,Man,White,FALSE
Andrzej Sapkowski,Man,White,FALSE
Andy Clark,Man,White,FALSE
Andy Giesler,Man,White,FALSE
Andy Weir,Man,White,FALSE
Angela Boord,Woman,White,FALSE
Angela Carter,Woman,White,FALSE
Angela Mi Young Hur,Woman,Asian,FALSE
Angela Roquet,Woman,White,FALSE
Angelica Gorodischer,Woman,Hispanic,FALSE
Angie Sage,Woman,White,FALSE
Anjali Sachdeva,Woman,Asian,FALSE
Ann Aguirre,Woman,White,FALSE
Ann LeBlanc,Woman,White,FALSE
Ann Leckie,Woman,White,FALSE
Anna Burke,Woman,White,FALSE
Anna Meriano,Woman,Hispanic,TRUE
Anna North,Woman,White,FALSE
Anna Sewell,Woman,White,FALSE
Anna Sinjin,Woman,White,FALSE
Anna Smith Spark,Woman,White,FALSE
Anna Stephens,Woman,White,FALSE
Anna Zumbro,Unknown,Unknown,None
Anna-Marie McLemore,Nonbinary,Hispanic,TRUE
Annabel Chase,Unknown,Unknown,None
Annalee Newitz,Nonbinary,White,TRUE
Anne Bishop,Woman,White,FALSE
Anne C. Perry & Jared Shurin,Unknown,White,FALSE
Anne Cross,Woman,White,FALSE
Anne Elisabeth Stengl,Woman,White,FALSE
Anne Jamison,Woman,White,TRUE
Anne McCaffrey,Woman,White,FALSE
Anne Rice,Woman,White,FALSE
Anne Robillard,Woman,White,FALSE
Anne Tibbets,Woman,White,FALSE
Annette Marie,Woman,White,FALSE
Anonymous,Unknown,Unknown,None
Anthony Daniels,Man,White,FALSE
Anthony Doerr,Man,White,FALSE
Anthony Lowe,Man,White,FALSE
Anthony Mitchell,Man,White,FALSE
Anthony Ryan,Man,White,FALSE
Antoine de Saint-Exupery,Man,White,FALSE
Antoine Rouaud,Man,White,FALSE
Anya Ow,Woman,Asian,FALSE
Aoko Matsuda,Woman,Asian,FALSE
April Daniels,Woman,White,TRUE
April Genevieve Tucholke,Woman,White,TRUE
Arcs,Unknown,Unknown,None
Arika Okrent,Woman,White,FALSE
Arkady & Boris Strugatsky,Man,White,FALSE
Arkady Martine,Woman,White,TRUE
Arthur Bowie Chrisman,Man,White,FALSE
Arthur C. Clarke,Man,White,FALSE
Arthur Porges,Man,White,FALSE
Arthur Stone,Man,White,FALSE
Ash Van Otterloo,Nonbinary,White,TRUE
Ashan Delon,Unknown,White,TRUE
Ashe Armstrong,Man,White,FALSE
Ashia Monet,Woman,Black,TRUE
Ashley Poston,Woman,White,FALSE
Ashley Shuttleworth,Nonbinary,White,TRUE
Aster Glenn Gray,Unknown,Unknown,None
Astrid Lindgren,Woman,White,FALSE
Audrey Coulthurst,Woman,White,FALSE
Audrey Niffenegger,Woman,White,FALSE
Audrey Schulman,Woman,White,FALSE
Ausma Zehanat Khan,Woman,Asian,FALSE
Austin Aslan,Man,White,FALSE
Austin Chant,Nonbinary,White,TRUE
Ava Reid,Woman,White,FALSE
Avi Silver,Woman,White,FALSE
Axel Blackwell,Man,White,FALSE
Aya Ling,Woman,Asian,FALSE
Ayana Gray,Woman,Black,FALSE
B. Sharise Moore,Woman,Black,FALSE
B.B. Alston,Man,Black,FALSE
B.G. Hilton,Man,White,FALSE
B.R. Yeager,Man,White,FALSE
Bailey Cates,Woman,White,FALSE
Barbara Hambly,Woman,White,FALSE
Bari Wood,Woman,White,FALSE
Baris Mustecaplioglu,Man,Asian,FALSE
Barry Hughart,Man,White,FALSE
Barry J. Hutchison,Man,White,FALSE
Basma Abdel Aziz,Woman,Asian,FALSE
Becky Chambers,Woman,White,TRUE
Becky Cloonan & Brenden Fletcher & Karl Kerschl,Unknown,White,TRUE
Ben Aaronovitch,Man,White,FALSE
Ben Alderson,Man,White,TRUE
Ben Blacker,Man,White,FALSE
Ben Dobson,Man,White,FALSE
Ben Galley,Man,White,FALSE
Ben H. Winters,Man,White,FALSE
Ben Housden,Man,White,FALSE
Ben Jeapes,Man,White,FALSE
Ben Okri,Man,Black,FALSE
Ben Oliver,Man,White,FALSE
Ben Stava,Man,White,FALSE
Benedict Jacka,Man,White,FALSE
Benedict Patrick,Man,White,FALSE
Benjamin Kerei,Man,Asian,FALSE
Benjamin Keyworth,Man,White,FALSE
Benjamin Percy,Man,White,FALSE
Benjanun Sriduangkaew,Woman,Asian,TRUE
Benny Lawrence,Man,White,FALSE
Berlie Doherty,Woman,White,FALSE
Bernard Cornwell,Man,White,FALSE
Bernard Taylor,Man,White,FALSE
Bernhard Hennen,Man,White,FALSE
Bernie Anes Paz,Man,Hispanic,FALSE
Beth Ball,Woman,White,FALSE
Beth Brower,Woman,White,FALSE
Beth Revis,Woman,White,FALSE
Bethany C. Morrow,Woman,Black,FALSE
Bethany Clift,Woman,White,FALSE
Bev Vincent,Man,White,FALSE
Beverly Lee,Woman,White,FALSE
Bill Meeks,Man,White,FALSE
Bill Willingham,Man,White,FALSE
Bitter Karella,Nonbinary,White,TRUE
Blake Crouch,Man,White,FALSE
Blayre Delacour,Unknown,Unknown,None
Bob McGough,Man,White,FALSE
Bobby Adair,Man,White,FALSE
Bones McKay,Man,White,TRUE
Bonnie Quinn,Woman,White,FALSE
Bora Chung,Woman,Asian,FALSE
Bradley B. Beaulieu,Man,White,FALSE
Bram Stoker,Man,White,FALSE
Brandon Sanderson,Man,White,FALSE
Brandon T. Snider,Man,White,FALSE
Brenda Peynado,Woman,Hispanic,FALSE
Brenna Thummler,Woman,White,FALSE
Brent Ermilio,Man,White,FALSE
Brent Weeks,Man,White,FALSE
Brett Herman,Man,White,FALSE
Brian Aldiss,Man,White,FALSE
Brian Bakos,Man,White,FALSE
Brian Catling,Man,White,FALSE
Brian Evanson,Man,White,FALSE
Brian Fuller,Man,White,FALSE
Brian Jacques,Man,White,FALSE
Brian K. Vaughan,Man,White,FALSE
Brian K. Vaughan & Fiona Staples,Unknown,White,FALSE
Brian Lee Durfee,Man,White,FALSE
Brian McClellan,Man,White,FALSE
Brian Naslund,Man,White,FALSE
Brian P. Rubin,Man,White,FALSE
Brian Staveley,Man,White,FALSE
Brian Turner,Man,White,FALSE
Brianne Battye,Woman,White,FALSE
Bridget Collins,Woman,White,FALSE
Bridget McGovern,Woman,White,FALSE
Brigid Kemmerer,Woman,White,TRUE
Brittney Morris,Woman,Black,TRUE
Brom,Man,White,FALSE
Brooke Bolander,Nonbinary,White,TRUE
Bruce Coville,Man,White,FALSE
Bruce McAllister,Man,White,FALSE
Bryan Camp,Man,White,FALSE
Bryan Thomas Schmidt,Unknown,White,FALSE
Bryce O'Connor,Man,White,FALSE
Bryce O'Connor & Luke Chmilenko,Man,White,FALSE
Brynn Chapman,Woman,White,FALSE
C. Greenwood,Woman,White,FALSE
C. Mantis,Man,White,FALSE
C. Robert Cargill,Man,White,FALSE
C.A. Fletcher,Man,White,FALSE
C.A. Higgins,Woman,White,FALSE
C.B. Lee,Woman,Asian,TRUE
C.C. Finlay,Man,White,FALSE
C.D. Britt,Woman,White,TRUE
C.D. Gallant-King,Man,White,FALSE
C.F. Welburn,Man,White,FALSE
C.J. Cherryh,Woman,White,FALSE
C.J. Cooke,Woman,White,FALSE
C.J. Milbrandt,Woman,White,FALSE
C.J. Tudor,Woman,White,FALSE
C.K. McDonnell,Man,White,FALSE
C.L. Clark,Nonbinary,Black,TRUE
C.L. Clark & Charles Payseur,Unknown,Black,TRUE
C.L. Moore,Woman,White,FALSE
C.L. Polk,Nonbinary,Black,TRUE
C.L. Wilson,Woman,White,FALSE
C.M. Lackner,Man,White,FALSE
C.M. Waggoner,Woman,White,TRUE
C.P. Rider,Woman,White,FALSE
C.S. Friedman,Woman,White,FALSE
C.S. Lewis,Man,White,FALSE
C.S. Malerich,Woman,White,FALSE
C.S. Pacat,Woman,White,FALSE
C.S.E. Cooney,Woman,White,FALSE
C.T. Phipps,Man,White,FALSE
C.T. Phipps & Micheal Suttkus,Man,White,FALSE
C.T. Rwizi,Man,Black,FALSE
Cadwell Turnbull,Man,Black,FALSE
Cait Stevenson,Woman,White,FALSE
Caitlin R. Kiernan,Woman,White,TRUE
Caitlin Starling,Woman,White,TRUE
Caitlin Sullivan Kelly,Woman,White,FALSE
Cale Plamann,Man,White,FALSE
Calvin Kasulke,Man,White,TRUE
Cameron Darrow,Woman,White,TRUE
Cameron Johnston,Man,White,FALSE
Cameron Milan,Man,White,FALSE
Camilla Sten,Woman,White,FALSE
Cara Patterson,Woman,White,TRUE
"Carey Pietsch, Clint McElroy, Travis McElroy, Griffin McElroy, Justin McElroy",Unknown,White,FALSE
Cari Thomas,Woman,White,FALSE
Carissa Broadbent,Woman,White,FALSE
Carl Sagan,Man,White,FALSE
Carlie Sorosiak,Woman,White,FALSE
Carlos Fuentes,Man,Hispanic,FALSE
Carlos Hernandez,Man,Hispanic,FALSE
Carlos Ruiz Zafon,Man,Hispanic,FALSE
Carmen Boullosa,Woman,Hispanic,FALSE
Carmen Maria Machado,Woman,Hispanic,TRUE
Carol Berg,Woman,White,FALSE
Carole Johnstone,Woman,White,FALSE
Carole Stivers,Woman,White,FALSE
Carolin Wahl,Woman,White,FALSE
Caroline B. Cooney,Woman,White,FALSE
Caroline Hardaker,Woman,White,FALSE
Caroline O'Donoghue,Woman,White,FALSE
Caroline Stevermer,Woman,White,FALSE
Carolyn Ives Gilman,Woman,White,TRUE
Carolyn Jess-Cooke,Woman,White,FALSE
Carrie Summers,Woman,White,FALSE
Carrie Vaughn,Woman,White,FALSE
Carson Winter,Man,White,FALSE
Carver Pike,Man,White,FALSE
Cary Elwes,Man,White,FALSE
Casey Matthews,Unknown,Unknown,None
Casey McQuiston,Nonbinary,White,TRUE
Cass Morris,Woman,White,FALSE
Cassandra Clare,Woman,White,FALSE
Cassandra Clare & Wesley Chu,Unknown,Asian,FALSE
Cassandra Gannon,Woman,White,FALSE
Cassandra Khaw,Nonbinary,Asian,TRUE
Cassandra Rose Clarke,Woman,White,FALSE
CasualFarmer,Man,White,FALSE
Cat Rambo,Nonbinary,White,TRUE
Cat Rector,Woman,White,TRUE
Cate Glass,Woman,White,FALSE
Cate Lawley,Woman,White,FALSE
Cate Pearce,Woman,White,TRUE
Catherine Griffin,Woman,White,FALSE
Catherine McIlwaine,Woman,White,FALSE
Catherynne M. Valente,Woman,White,TRUE
Catriona Silvey,Nonbinary,White,TRUE
Catriona Ward,Woman,White,FALSE
Cavan Scott,Man,White,FALSE
Cecilia Ekback,Woman,White,FALSE
Celia Lake,Woman,White,FALSE
Chad Retterath,Man,White,FALSE
Chana Porter,Nonbinary,White,TRUE
Chanda Prescod-Weinstein,Nonbinary,Black,TRUE
Chantal Gadoury & A.M. Wright,Woman,White,FALSE
Charlaine Harris,Woman,White,FALSE
Charles de Lint,Man,White,FALSE
Charles Dickens,Man,White,FALSE
Charles Saunders,Man,Black,FALSE
Charles Soule,Man,White,FALSE
Charles Stross,Man,White,FALSE
Charles Yu,Man,White,FALSE
Charlie Adhara,Woman,White,TRUE
Charlie Brooker & Jason Arnopp & & Annabel Jones,Unknown,White,FALSE
Charlie Jane Anders,Woman,White,TRUE
Charlie N. Holmberg,Woman,White,FALSE
Charlotte E. English,Woman,White,FALSE
Charlotte Kersten,Woman,White,FALSE
Charlotte McConaghy,Woman,White,FALSE
Charlotte Nicole Davis,Woman,Black,TRUE
Charlotte von Ahlefeld,Woman,White,FALSE
Chaz Brenchley,Man,White,FALSE
Chelsea Abdullah,Woman,Asian,FALSE
Chen Qian,Unknown,Asian,None
Chen Qiufan,Man,Asian,FALSE
Cher Martinetti,Woman,White,FALSE
Cherie Dimaline,Woman,Native,FALSE
Cherie Priest,Woman,White,FALSE
Chesya Burke,Woman,Black,FALSE
Chi Ta-Wei,Man,Asian,TRUE
Chimamanda Ngozi Adichie,Woman,Black,FALSE
China Mieville,Man,White,FALSE
CHIROLU,Unknown,Asian,None
Chitra Banerjee Divakaruni,Woman,Asian,FALSE
Chloe Chevalier,Woman,White,FALSE
Chloe Gong,Woman,Asian,FALSE
Chloe Neill,Woman,White,FALSE
Chris A. Jackson,Man,White,FALSE
Chris Bain & Patrick Weekes & Matthew Goldman & Christopher Morgan,Man,White,FALSE
Chris Beckett,Man,White,FALSE
Chris Colfer,Man,White,TRUE
Chris Fox,Man,White,FALSE
Chris Gosden,Man,White,FALSE
Chris McKinney,Man,Asian,FALSE
Chris Sharp,Man,White,FALSE
Chris Tullbane,Man,White,FALSE
Chris Wooding,Man,White,FALSE
Chris Wraight,Man,White,FALSE
Christelle Dabos,Woman,White,FALSE
Christian Brassington & Matt Fitton & Adrian Poynton & John Dorney,Man,White,FALSE
Christie Golden,Woman,White,FALSE
Christie Yant,Woman,White,FALSE
Christina C. Jones,Woman,Black,FALSE
Christina Engela,Woman,White,FALSE
Christina Henry,Woman,White,FALSE
Christina Lauren,Woman,White,FALSE
Christina Sweeney-Baird,Woman,White,FALSE
Christine Lynn Herman & Amanda Foody,Woman,White,FALSE
Christopher Buehlman,Man,White,FALSE
Christopher G. Nuttall,Man,White,FALSE
Christopher Golden,Man,White,FALSE
Christopher Golden & Rachel Autumn Deering,Unknown,White,FALSE
Christopher Healy,Man,White,FALSE
Christopher Husberg,Man,White,FALSE
Christopher Mitchell,Man,White,FALSE
Christopher Moore,Man,White,FALSE
Christopher Paolini,Man,White,FALSE
Christopher Priest,Man,White,FALSE
Christopher Ruocchio,Man,White,FALSE
Christopher Scott,Man,White,FALSE
Christopher Stasheff,Man,White,FALSE
Chuck Wendig,Man,White,FALSE
Chugong,Man,Asian,FALSE
Ciannon Smart,Woman,Black,FALSE
Ciel Pierlot,Woman,White,TRUE
Cinda Williams Chima,Woman,White,FALSE
Cixin Liu,Man,Asian,FALSE
Clair Legrand,Woman,White,FALSE
Claire Cronin,Woman,White,FALSE
Claire Leggett,Woman,White,FALSE
Claire North,Woman,White,FALSE
Claire O'Dell,Woman,White,TRUE
CLAMP,Woman,Asian,FALSE
Clare Sager,Woman,White,FALSE
Clark Ashton Smith,Man,White,FALSE
Claudie Arseneault,Woman,White,TRUE
Clemens Brentano,Man,White,FALSE
Clifford D. Simak,Man,White,FALSE
Clint McElroy,Man,White,FALSE
Clive Barker,Man,White,FALSE
cocop,Man,White,FALSE
Coleman Alexander,Man,White,FALSE
Colin Dickey,Man,White,FALSE
Colin Gigl,Man,White,FALSE
Colin Kapp,Man,White,FALSE
Colin Meloy,Man,White,FALSE
Colleen Cowley,Woman,White,FALSE
Colson Whitehead,Man,Black,FALSE
Connie Willis,Woman,White,FALSE
Constance Sayers,Woman,White,FALSE
Cordwainer Smith,Man,White,FALSE
Corey J. White,Man,White,FALSE
CorI McCarthy & Amy Rose Capetta,Nonbinary,White,TRUE
Cornelia Funke,Woman,White,FALSE
Cory Doctorow,Man,White,FALSE
Count E,Woman,Asian,None
Courtney Gould,Woman,White,TRUE
Courtney Schafer,Woman,White,FALSE
Courtney Woods,Woman,White,FALSE
Craig Alanson,Man,White,FALSE
Craig Schaefer,Man,White,FALSE
Craig Shaw Gardner,Man,White,FALSE
Craig Thompson,Man,White,FALSE
Cressida Cowell,Woman,White,FALSE
Critical Role,Unknown,White,FALSE
cthuluraejepson,Man,White,FALSE
Curtis Craddock,Man,White,FALSE
Cynthia Freeman,Woman,White,FALSE
Cynthia Hand & Brodi Ashton & Jodi Meadows,Woman,White,FALSE
Cynthia Zhang,Woman,Asian,FALSE
D. Moonfire,Man,White,FALSE
D. Rus,Man,White,FALSE
D.B. King,Man,White,FALSE
D.C. Haenlien,Unknown,Unknown,None
D.D. Webb,Unknown,Unknown,None
D.J. Butler,Man,White,FALSE
D.J. MacHale,Man,White,FALSE
D.K. Holmberg,Man,White,FALSE
D.M. Ritzlin,Man,White,FALSE
D.N. Bryn,Nonbinary,White,TRUE
D.O. Fagunwa,Man,Black,FALSE
D.P. Woolliscroft,Man,White,TRUE
D.W. Ross,Man,White,TRUE
Dacre Stoker & J.D. Barker,Man,White,FALSE
Dahlia Adler,Woman,White,TRUE
Daina Chaviano,Woman,Hispanic,FALSE
Daisy Johnson,Woman,White,FALSE
Dakota Krout,Man,White,FALSE
Damian Dibben,Man,White,FALSE
Damien Broderick,Man,White,FALSE
Dan Abnett,Man,White,FALSE
Dan Adams,Man,White,FALSE
Dan Hanks,Man,White,FALSE
Dan Jones,Man,White,FALSE
Dan Koboldt,Man,White,FALSE
Dan Simmons,Man,White,FALSE
Dan Stout,Man,White,FALSE
Dan Sugralinov,Man,Asian,FALSE
Dan Wells,Man,White,FALSE
Daniel Abraham,Man,White,FALSE
Daniel B. Greene,Man,White,FALSE
Daniel H. Wilson,Man,White,FALSE
Daniel Jose Older,Man,Hispanic,FALSE
Daniel Kozuh,Man,White,FALSE
Daniel M. Kimmel,Man,White,FALSE
Daniel M. Lavery,Man,White,TRUE
Daniel Martin,Man,White,FALSE
Daniel O'Malley,Man,White,FALSE
Daniel Polansky,Man,White,FALSE
Daniel Potter,Man,White,FALSE
Daniel Schinhofen,Man,White,FALSE
Daniel T. Jackson,Man,White,FALSE
Danielle Dickie,Woman,White,FALSE
Danielle Garrett,Woman,White,FALSE
Danielle L. Jensen,Woman,White,FALSE
Danny Rickard,Man,White,FALSE
Dante Alighieri,Man,White,FALSE
Dante King,Man,White,FALSE
Daphne Du Maurier,Woman,White,FALSE
Darcie Little Badger,Woman,Native,FALSE
Darcy Coates,Woman,White,FALSE
Darren Charlton,Man,White,FALSE
Darren Ridgley & Adam Petrash,Man,White,FALSE
Daryl Gregory,Man,White,FALSE
Dave Dobson,Man,White,FALSE
Dave Duncan,Man,White,FALSE
David Annandale,Man,White,FALSE
David Brin,Man,White,FALSE
David Clement-Davies,Man,White,FALSE
David Dalglish,Man,White,FALSE
David Day,Man,White,FALSE
David Ebenbach,Man,White,FALSE
David Eddings,Man,White,FALSE
David F. Schultz,Man,White,FALSE
David Farland,Man,White,FALSE
David G. Hartwell,Man,White,FALSE
David G. Hartwell & Jacob Weisman,Unknown,White,FALSE
David Gaider,Man,White,FALSE
David Gemmell,Man,White,FALSE
David H. Reiss,Man,White,FALSE
David Hambling & Peter Rawlik,Man,White,FALSE
David J. Peterson,Man,White,FALSE
David Kudler,Man,White,FALSE
David Lindsay,Man,White,FALSE
David Liss,Man,White,FALSE
David Llewellyn,Man,White,FALSE
David Mitchell,Man,White,FALSE
David Petrie,Man,White,FALSE
David R. Slayton,Man,White,TRUE
David Rowe,Man,White,FALSE
David Stahler Jr.,Man,White,FALSE
David Thomas Moore,Man,White,FALSE
David Weber,Man,White,FALSE
David Weber & Steve White,Man,White,FALSE
David Wellington,Man,White,FALSE
David Whitaker,Man,White,FALSE
David Wong,Man,Asian,FALSE
David Wragg,Man,White,FALSE
David Wroblewski,Man,White,FALSE
Davis Ashura,Man,Asian,FALSE
Davis Bunn,Man,White,FALSE
Dawn Chapman,Woman,White,FALSE
Dawson George,Man,White,FALSE
Day Al-Mohamed,Man,Asian,FALSE
Day Leitao,Woman,Hispanic,FALSE
Dean Henegar,Man,White,FALSE
Dean Koontz,Man,White,FALSE
Dean Wesley Smith & Kristine Kathryn Rusch,Unknown,White,FALSE
Dean-Paul Stephens,Man,Black,FALSE
Deborah Harkness,Woman,White,FALSE
Deborah Install,Woman,White,FALSE
Deborah Makarios,Woman,White,FALSE
Debra Castaneda,Woman,Hispanic,FALSE
Debra Dunbar,Woman,White,FALSE
Deirdre Sullivan,Woman,White,FALSE
Demi Harper,Woman,White,FALSE
Dempow Torishima,Man,Asian,FALSE
Dennis E. Taylor,Man,White,FALSE
Dennis Liggio,Man,White,FALSE
Dennis Venderkerken & Dakota Krout,Man,White,FALSE
Derek Landy,Man,White,FALSE
Desirina Boskovich,Woman,White,FALSE
Desmond Warzel,Man,White,FALSE
Destiny Soria,Woman,Hispanic,FALSE
Deston J. Munden,Man,Black,TRUE
Devin Madson,Woman,White,FALSE
Dhonielle Clayton,Woman,Black,FALSE
Diana Biller,Woman,White,FALSE
Diana Gabaldon,Woman,Native,FALSE
Diana M. Pho,Woman,Asian,TRUE
Diana Pavlac Glyer,Woman,White,TRUE
Diana Pinguicha,Woman,White,TRUE
Diana Wynne Jones,Woman,White,FALSE
Diane Duane,Woman,White,FALSE
Diane Setterfield,Woman,White,FALSE
Django Wexler,Man,White,FALSE
Dojyomaru,Man,Asian,FALSE
Dolores Reyes,Woman,Hispanic,FALSE
Domagoj Kurmaic,Man,White,FALSE
Dominik Parisien,Man,White,TRUE
Dominik Parisien & Navah Wolfe,Unknown,White,TRUE
Donald A. Wollheim,Man,White,FALSE
Donna Barba Higuera,Woman,Hispanic,FALSE
Donny Cates,Man,White,FALSE
Dorian Lynskey,Man,White,FALSE
Dorian Wolfe,Woman,White,FALSE
Doris Egan,Woman,White,TRUE
Doug Enstrom,Man,White,FALSE
Douglas Adams,Man,White,FALSE
Douglas Niles,Man,White,FALSE
Drew Hayden Taylor,Man,White,FALSE
Drew Hayes,Man,White,FALSE
Drew Karpyshyn,Man,White,FALSE
Drew Montgomery,Man,White,FALSE
Duncan Masica,Man,White,FALSE
Dyrk Ashton,Man,White,FALSE
E. Jade Lomax,Woman,Black,TRUE
E. Latimer,Woman,White,FALSE
E. Lily Yu,Woman,Asian,FALSE
E. Nesbit,Woman,White,FALSE
E. William Brown,Man,White,FALSE
E.A. Copen,Woman,White,FALSE
E.B. Wheeler,Woman,White,FALSE
E.C. Bell,Woman,White,FALSE
E.E. Knight,Man,White,FALSE
E.E. McGill,Woman,White,FALSE
E.E. Smith,Man,White,FALSE
E.J. Beaton,Woman,White,FALSE
E.J. Copperman,Man,White,FALSE
E.J. Mellow,Woman,White,FALSE
E.K. Johnston,Woman,White,FALSE
E.R. Eddison,Man,White,FALSE
Ebony Elizabeth Thomas,Woman,Black,FALSE
Ed McDonald,Man,White,TRUE
Eddie Robson,Man,White,TRUE
Eden Appiah-Kubi,Woman,Black,FALSE
Eden Fierce,Woman,White,FALSE
Eden Robinson,Woman,Native,FALSE
Eden Royce,Woman,Black,FALSE
Edgar Allen Poe,Man,White,FALSE
Edgar Rice Burroughs,Man,White,FALSE
Edith Hamilton,Woman,White,FALSE
Eduardo Vaquerizo,Man,White,FALSE
Edward M. Erdelac,Man,White,FALSE
Edward Nile,Man,White,FALSE
Edward Parnell,Man,White,FALSE
Edward Willett,Man,White,FALSE
Effie Calvin,Woman,White,TRUE
Effie Seiberg,Woman,White,FALSE
Eiichiro Oda,Man,Asian,FALSE
Eiko Kadono,Woman,Asian,FALSE
Ekaterina Sedia,Woman,White,FALSE
Elan Marche & Christopher Warman,Unknown,White,FALSE
Elayne Audrey Becker,Woman,White,FALSE
Eleanor Arnason,Woman,White,FALSE
Eleanor Smith,Woman,White,FALSE
Eli Lee,Woman,White,FALSE
Elia Barcelo,Woman,White,FALSE
Elias Lonnrot,Man,White,FALSE
Eliezer Yudkowsky,Man,White,FALSE
Elijah Menchaca,Man,Hispanic,FALSE
Eliot Schrefer,Man,White,TRUE
Elisabeth Thomas,Woman,Black,FALSE
Elise Kova,Woman,White,FALSE
Eliza Andrews,Woman,White,FALSE
Elizabeth A. Lynn,Woman,White,TRUE
Elizabeth Acevedo,Woman,Black,FALSE
Elizabeth Bear,Woman,White,TRUE
Elizabeth Bear & Sarah Monette,Woman,White,TRUE
Elizabeth Engstrom,Woman,White,FALSE
Elizabeth Hand,Woman,White,FALSE
Elizabeth Jeannel,Woman,White,TRUE
Elizabeth Knox,Woman,White,FALSE
Elizabeth Kostova,Woman,White,FALSE
Elizabeth Langston,Woman,White,FALSE
Elizabeth Lim,Woman,Asian,FALSE
Elizabeth Moon,Woman,White,FALSE
Elizabeth Schaefer,Unknown,White,FALSE
Elizabeth Wein,Woman,White,FALSE
Ellen Datlow,Unknown,White,FALSE
Ellen Klages,Woman,White,TRUE
Ellen Kushner,Woman,White,TRUE
Elliot Brooks,Woman,White,FALSE
Elliott Scott,Man,Unknown,FALSE
Elly Bangs,Woman,White,TRUE
Elvira Bell,Woman,White,FALSE
Emerald Dodge,Woman,White,FALSE
Emily A. Duncan,Nonbinary,White,TRUE
Emily Carroll,Woman,White,TRUE
Emily Lloyd-Jones,Woman,White,FALSE
Emily M. Danforth,Woman,White,TRUE
Emily Skrutskie,Woman,White,TRUE
Emily St. John Mandel,Woman,White,FALSE
Emily Tesh,Woman,White,FALSE
Emily Victoria,Woman,White,TRUE
Emily Winfield Martin,Woman,White,FALSE
Emma Hamm,Woman,White,FALSE
Emma Newman,Woman,White,FALSE
Emmi Itaranta,Woman,White,FALSE
Endria Isa Richardson,Woman,Black,TRUE
Eoin Colfer,Man,White,FALSE
Eowyn Ivey,Woman,White,FALSE
Eric Frank Russell,Man,White,FALSE
Eric Garcia,Man,Hispanic,FALSE
Eric J. Juneau,Man,White,FALSE
Eric Jason Martin,Man,White,FALSE
Eric Lewis,Man,White,FALSE
Eric Lowe,Man,White,FALSE
Eric T. Knight,Man,White,FALSE
Eric Vall,Man,White,FALSE
Erik Schubach,Nonbinary,White,TRUE
Erika Swyler,Woman,White,FALSE
Erin A. Craig,Woman,White,FALSE
Erin Fulmer,Woman,White,TRUE
Erin Hunter,Woman,White,FALSE
Erin Johnson,Woman,White,FALSE
Erin MacDonald,Woman,White,FALSE
Erin Morgenstern,Woman,White,FALSE
Erin Sterling,Woman,White,FALSE
Erinn L. Kemper,Woman,White,FALSE
Ernest Cline,Man,White,FALSE
ErraticErrata,Man,White,FALSE
Eshkol Nevo,Man,White,FALSE
Essa Hansen,Woman,White,TRUE
Estelle Laure,Woman,White,FALSE
Ester Manzini,Woman,White,TRUE
Eugenia Triantafyllou,Woman,White,FALSE
Euripides,Man,White,FALSE
Eva Ibbotson,Woman,White,FALSE
Eva St. John,Woman,White,FALSE
Evan Winter,Man,Black,FALSE
Everil Worrell & Eli Colter & Mary Elizabeth Counselman & Greye La Spina,Woman,Unknown,None
Everina Maxwell,Woman,White,TRUE
Exurb1a,Man,White,FALSE
Ezekiel Boone,Man,White,FALSE
F.C. Yee,Man,Asian,FALSE
F.G. Cottam,Man,White,FALSE
F.T. Lukens,Nonbinary,White,TRUE
Faith Hunter,Woman,White,FALSE
Fanny Coutellier,Woman,White,FALSE
Farah Mendlesohn,Woman,White,TRUE
Felicia Yap,Woman,Asian,FALSE
Felipe Castilho,Man,Hispanic,FALSE
Felix Blackwell,Man,White,FALSE
Felix Gilman,Man,White,FALSE
Felix J. Palma,Man,White,FALSE
Fernando A. Flores,Man,Hispanic,FALSE
Ferran Varela,Man,White,FALSE
Ferrett Steinmetz,Man,White,FALSE
Finbar Hawkins,Man,White,FALSE
Fletcher Delancey,Woman,White,FALSE
Flint Maxwell,Man,White,FALSE
Fonda Lee,Woman,Asian,FALSE
Forthright,Woman,White,None
Fowler Brown,Man,White,FALSE
Fox Chapel Publishing,Unknown,Unknown,None
Foz Meadows,Nonbinary,White,TRUE
Frances Carden,Woman,White,FALSE
Frances Hardinge,Woman,White,FALSE
Francesca Ekwuyasi,Woman,Black,TRUE
Francesca Flores,Woman,Hispanic,TRUE
Francis James Blair,Man,White,FALSE
Franck Ferric,Man,White,FALSE
Frank Frazetta,Man,White,FALSE
Frank Herbert,Man,White,FALSE
Frank M. Robinson,Man,White,TRUE
Frank Schatzing,Man,White,FALSE
Franz Kafka,Man,White,FALSE
Fred Saberhagen,Man,White,FALSE
Freda Warrington,Woman,White,FALSE
Frederic Brremaud & Federico Bertolucci,Man,White,FALSE
Frederik Pohl,Man,White,FALSE
Fredric Brown,Man,White,FALSE
Fredric Jameson,Man,White,FALSE
Freya Faust,Woman,White,TRUE
Freya Marske,Woman,White,TRUE
Friedrich de la Motte Fouque,Man,White,FALSE
Fritz Leiber,Man,White,FALSE
From Hell,Man,Asian,FALSE
Fuminori Teshima,Unknown,Asian,FALSE
Funa,Man,Asian,FALSE
Fuyumi Ono,Woman,Asian,FALSE
G. Akella,Man,White,FALSE
G. Willow Wilson,Woman,White,FALSE
G.A. Aiken,Woman,White,FALSE
G.A. Effinger,Man,White,FALSE
G.K. Chesterton,Man,White,FALSE
G.M. Nair,Man,Asian,FALSE
G.R. Matthews,Man,White,FALSE
G.S. Denning,Man,White,FALSE
G.V. Anderson,Woman,White,FALSE
Gabby Hutchinson Crouch,Woman,White,FALSE
Gabino Iglesias,Man,Hispanic,FALSE
Gabriel Denning,Man,White,FALSE
Gabriel Garcia Marquez,Man,Hispanic,FALSE
Gabriel Urbina,Man,Hispanic,FALSE
Gabriela Houston,Woman,White,FALSE
Gabrielle Squailia,Woman,White,TRUE
Gael Baudino,Woman,White,FALSE
Gage Lee,Man,White,FALSE
Gail Carriger,Woman,White,FALSE
Gail Carson Levine,Woman,White,FALSE
Galadriel Coffeen,Woman,White,FALSE
GamingWolf,Man,White,FALSE
Gareth Hanrahan,Man,White,FALSE
Gareth L. Powell,Man,White,FALSE
Garon Whited,Man,White,FALSE
Garry Kilworth,Man,White,FALSE
Garth Nix,Man,White,FALSE
Gary Kirchner,Man,White,FALSE
Gav Thorpe,Man,White,FALSE
Gayl Jones,Woman,Black,FALSE
Gene Doucette,Man,White,FALSE
Gene Luen Yang & Bryan Konietzko & Michael Dante DiMartino,Man,Unknown,FALSE
Gene Roddenbery,Man,White,FALSE
Gene Wolfe,Man,White,FALSE
Genevieve Cogman,Woman,White,FALSE
Genevieve Gornichec,Woman,White,TRUE
Genki Kawamura,Man,Asian,FALSE
George MacDonald,Man,White,FALSE
George Orwell,Man,White,FALSE
George R.R. Martin,Man,White,FALSE
George Saunders,Man,White,FALSE
Georgina Kamsika,Nonbinary,Asian,TRUE
Gerald Morris,Man,White,FALSE
Geraldine Harris,Woman,White,FALSE
Gerry Anderson,Man,White,FALSE
Gideon Marcus,Woman,White,None
Gigi Pandian,Woman,White,FALSE
Gina Wisker,Woman,White,FALSE
Ginn Hale,Woman,White,FALSE
Gish Jen,Woman,Asian,FALSE
Gita Trelease,Woman,White,FALSE
Glen Cook,Man,White,FALSE
Glen Hirshberg,Man,White,FALSE
Glendy Vanderah,Woman,White,FALSE
Gloria Naylor,Woman,Black,FALSE
Glynn Stewart,Man,White,FALSE
Gordon Andrews,Man,White,FALSE
Gordon R. Dickson,Man,White,FALSE
Grace Draven,Woman,White,FALSE
Grace Lin,Woman,Asian,FALSE
Grady Hendrix,Man,White,FALSE
Graeme Shimmin,Unknown,Unknown,None
Graham Austin-King,Man,White,FALSE
Graham Edwards,Man,White,FALSE
Graham Masterton,Man,White,FALSE
Grant Morrison,Man,White,FALSE
Greg Bear,Man,White,FALSE
Greg Egan,Man,White,FALSE
Greg Mongrain,Man,White,FALSE
Greg van Eekhout,Man,Asian,FALSE
Gregory Maguire,Man,White,FALSE
Greta Kelly,Woman,White,FALSE
Gretchen Felker-Martin,Woman,White,TRUE
Griffin McElroy,Man,White,FALSE
Gu Shi,Woman,Asian,FALSE
Guerric Hache,Man,White,FALSE
Guillermo Del Toro & Chuck Hogan,Man,White,FALSE
Guillermo del Toro & Cornelia Funke,Unknown,White,FALSE
Gus Moreno,Man,Hispanic,FALSE
Guy Adams,Man,White,FALSE
Guy Endore,Man,White,FALSE
Guy Gavriel Kay,Man,White,FALSE
Guy Haley,Man,White,FALSE
Gyorgy Dragoman,Man,White,FALSE
H. Beam Piper,Man,White,FALSE
H. Leighton Dickson,Woman,White,FALSE
H.C. Mills,Man,White,FALSE
H.E. Edgmon,Nonbinary,White,TRUE
H.G. Parry,Woman,White,FALSE
H.G. Wells,Man,White,FALSE
H.L. Fullerton,Unknown,Unknown,None
H.L. Macfarlane,Unknown,White,FALSE
H.L. Tinsley,Woman,White,FALSE
H.M. Long,Woman,White,FALSE
H.P. Lovecraft,Man,White,FALSE
H.Y. Hanna,Woman,Asian,FALSE
Hafsah Faizal,Woman,Asian,FALSE
Hailey Edwards,Woman,White,FALSE
Hailey Piper,Woman,White,TRUE
Hailey Turner,Woman,White,TRUE
Hajime Isayama,Man,Asian,FALSE
Hal Clement,Man,White,FALSE
Hank Green,Man,White,FALSE
Hanna Jameson,Woman,White,FALSE
Hannah Abigail Clarke,Nonbinary,White,TRUE
Hannah Kent,Woman,White,TRUE
Hannah Mathewson,Woman,White,FALSE
Hannah Whitten,Woman,White,FALSE
Hannu Rajaniemi,Man,White,FALSE
Hanya Yanagihara,Woman,Asian,FALSE
Hao Jingfang,Woman,Asian,FALSE
Harlan Ellison,Man,White,FALSE
Harmon Cooper,Man,White,FALSE
Harper Fox,Woman,White,TRUE
Harry Connolly,Man,White,FALSE
Harry Turtledove,Man,White,FALSE
Haruki Murakami,Man,Asian,FALSE
Hassan Blasim,Unknown,Asian,FALSE
Hayao Miyazaki,Man,Asian,FALSE
Hayley Reese Chow,Woman,Asian,FALSE
Hayley Stone,Woman,White,FALSE
Heather Einhorn & Janet Harvey,Unknown,White,FALSE
Heather Kassner,Woman,White,FALSE
Heather Rose Jones,Woman,White,TRUE
Heather Walter,Woman,White,FALSE
Heather Webber,Woman,White,FALSE
Helen Corcoran,Woman,White,TRUE
Helen Harper,Woman,White,FALSE
Helen Marshall,Woman,White,FALSE
Helen Oyeyemi,Woman,Black,FALSE
Helen Sedgwick,Woman,White,TRUE
Helene Wecker,Woman,White,FALSE
Heng Sao Tian Ya,Unknown,Asian,FALSE
Henry Barajas,Man,Hispanic,FALSE
Henry James,Man,White,FALSE
Henry Lien,Man,Asian,FALSE
Henry Louis Gates Jr.,Unknown,Black,FALSE
Herman Raucher,Man,White,FALSE
Herman Scheffauer,Man,White,FALSE
Hermann Hesse,Man,White,FALSE
Herve Le Tellier,Man,White,FALSE
Hideo Kojima,Man,Asian,FALSE
Hilari Bell,Woman,White,FALSE
Hiro Ainana,Man,Asian,FALSE
Hirohiko Araki,Man,Asian,FALSE
Hiromi Kawakami,Woman,Asian,FALSE
Hiroshi Sakurazaka,Man,Asian,FALSE
Hiroyuki Morioka,Man,Asian,FALSE
Hiroyuki Takei,Man,Asian,FALSE
Holly Black,Woman,White,FALSE
Holly Ordway,Woman,White,FALSE
Homer,Man,White,FALSE
Honor Raconteur,Woman,White,FALSE
Hope Mirrlees,Woman,White,FALSE
Hope Nicholson,Woman,White,FALSE
Horace Walpole,Man,White,FALSE
Howard Fast,Man,White,FALSE
Howard Tayler,Man,White,FALSE
Hubert Zanzim,Man,White,FALSE
Hugh Cook,Man,White,FALSE
Hugh Howey,Man,White,FALSE
Hugo Huesca,Man,Hispanic,FALSE
Humphrey Carpenter,Man,White,FALSE
Hye-Young Pyun,Woman,Asian,FALSE
Iain M. Banks,Man,White,FALSE
Ian C. Esslemont,Man,White,FALSE
Ian McEvan,Man,White,FALSE
Ian Nathan,Man,White,FALSE
Ian Tregillis,Man,White,FALSE
Ian Whates,Man,White,FALSE
Ilan Stavans,Man,Hispanic,FALSE
Illimani Ferreira,Man,Hispanic,FALSE
Ilona Andrews,Unknown,White,FALSE
Ilze Hugo,Woman,White,FALSE
Imogen Edwards-Jones,Woman,White,FALSE
Ina Rosvall,Woman,White,FALSE
India Holton,Woman,White,FALSE
Indra Das,Man,Asian,FALSE
Innocent Chizaram Ilo,Nonbinary,Black,TRUE
Intisar Khanani,Woman,Asian,FALSE
Iona Datt Sharma,Woman,Asian,TRUE
Iori Miyazawa,Man,Asian,FALSE
Ira Levin,Man,White,FALSE
Irene Sola,Woman,White,FALSE
Isaac Asimov,Man,White,FALSE
Isaac Fellman,Man,White,TRUE
Isabel Allende,Woman,Hispanic,FALSE
Isabel Fall,Woman,White,TRUE
Isabel Ibanez,Woman,Hispanic,FALSE
Isabel Kim,Woman,Asian,FALSE
Isabel Pelech,Woman,White,FALSE
Isabel Sterling,Woman,White,TRUE
Isabel Yap,Woman,Asian,TRUE
Isiah Lavender III,Man,Black,FALSE
Isiah Lavender III & Lisa Yaszek,Unknown,Black,FALSE
Isobelle Carmody,Woman,White,FALSE
Isobelle Carmody & Daniel Reed,Unknown,White,FALSE
Italo Calvino,Man,White,FALSE
Itamar Vieira Junior,Man,Hispanic,FALSE
Izola Forrester,Woman,White,FALSE
Izumi Suzuki,Woman,Asian,FALSE
J. Edward Neill,Unknown,Unknown,None
J. Michael Straczynski,Man,White,FALSE
J. Robert King,Man,White,FALSE
J. Sheridan Le Fanu,Man,White,FALSE
J. Zachary Pike,Man,White,FALSE
J.A. Sutherland,Man,White,FALSE
J.C. Cervantes,Woman,Hispanic,FALSE
J.C. Clark,Woman,White,FALSE
J.C. Daniels,Woman,White,FALSE
J.C. Kang,Man,Asian,FALSE
J.C. McKenzie,Woman,White,FALSE
J.D. Barker & James Patterson,Man,White,FALSE
J.D. Evans,Woman,White,FALSE
J.D. Robinson,Man,White,FALSE
J.D. Salinger,Man,White,FALSE
J.D.L Rosell,Man,White,FALSE
J.E. Mooney,Unknown,White,FALSE
J.F. Brink,Unknown,Unknown,None
J.G. Ballard,Man,White,FALSE
J.J. Green,Woman,White,FALSE
J.J. Lorden,Unknown,Unknown,None
J.J.A. Harwood,Woman,White,FALSE
J.K. Rowling,Woman,White,FALSE
J.M. Barrie,Man,White,FALSE
J.P. Oakes,Man,White,FALSE
J.P. Valentine,Man,White,TRUE
J.R. Mathews,Man,White,FALSE
J.R. Snyder,Man,White,FALSE
J.R. Ward,Man,White,FALSE
J.R.R. Tolkien,Man,White,FALSE
J.R.R. Tolkien & Humphrey Carpenter,Man,White,FALSE
J.S. Dewes,Woman,White,FALSE
J.S. Emuakpor,Unknown,Black,FALSE
J.T. Greathouse,Man,White,FALSE
Jace Kang,Man,Asian,FALSE
Jacek Dukaj,Man,White,FALSE
Jacey Bedford,Woman,White,FALSE
Jack Finney,Man,White,FALSE
Jack Vance,Man,White,FALSE
Jack Yeovil,Man,White,FALSE
Jackson Haime,Man,White,FALSE
Jacob Steven Mohr,Man,White,FALSE
Jacqueline Carey,Woman,White,FALSE
Jacquelyn Benson,Woman,White,FALSE
Jacques Abeille,Man,White,FALSE
Jadie Jang,Woman,Asian,FALSE
Jael Richardson,Woman,Black,FALSE
Jagadish Chandra Bose,Man,Asian,FALSE
Jamel Cato,Man,Black,FALSE
James Blish,Man,White,FALSE
James Calbraith,Man,White,FALSE
James Gleick,Man,White,FALSE
James Goldman,Man,White,FALSE
James Islington,Man,White,FALSE
James L. Cambias,Man,White,FALSE
James Lovegrove,Man,White,FALSE
James M. Tabor,Man,White,FALSE
James Maxstadt,Man,White,FALSE
James O'Barr,Man,White,FALSE
James S.A. Corey,Man,White,FALSE
James Smythe,Man,White,FALSE
James Swallow,Man,White,FALSE
James T. Callum,Man,White,FALSE
James Tiptree Jr.,Woman,White,FALSE
James Tynion IV,Man,White,FALSE
James White,Man,White,FALSE
Jamie Delano,Man,White,FALSE
Jamie Littler,Man,White,FALSE
Jamie Thomas,Woman,White,FALSE
Jan Morris,Woman,White,TRUE
Jana Oliver,Woman,White,FALSE
Janci Patterson,Woman,White,FALSE
Jane Fletcher,Woman,White,TRUE
Jane Rawson,Woman,White,FALSE
Jane Yolen,Woman,White,FALSE
Janella Angeles,Woman,Asian,FALSE
Janie Chang,Woman,Asian,FALSE
Janine A. Southard,Woman,White,TRUE
Janny Wurts,Woman,White,FALSE
Jared Lobdell,Man,White,FALSE
Jason Denzel,Man,White,FALSE
Jason Sanford,Man,White,FALSE
Jason Schreier,Man,White,FALSE
Jasper Fforde,Man,White,FALSE
Javier Negrete & Juan Miguel Aguilera,Man,White,FALSE
Jay Boyce,Woman,White,FALSE
Jay Kristoff,Man,White,FALSE
Jaya Saxena,Woman,White,TRUE
Jaye Wells,Woman,White,FALSE
Jaymee Goh,Woman,Asian,FALSE
Jaymee Goh & Joyce Chng,Unknown,Asian,None
Jaymin Eve,Woman,White,FALSE
Jean Hegland,Woman,White,FALSE
Jean Ray,Man,White,FALSE
Jean Z. Menzies,Woman,White,FALSE
Jean-Laurent Del Socorro,Man,White,FALSE
Jean-Philippe Jaworski,Man,White,FALSE
Jean-Yves Ferri,Man,White,FALSE
Jeaniene Frost,Woman,White,FALSE
Jeaniene Frost & Kelley Armstrong & Melissa Marr,Woman,White,FALSE
Jeannette Bedard,Woman,White,FALSE
Jeannette Ng,Nonbinary,Asian,FALSE
Jeannie Lin,Woman,Asian,FALSE
Jed Herne,Man,White,FALSE
Jedediah Berry,Man,White,FALSE
Jeff Grubb,Man,White,FALSE
Jeff Lemire,Man,White,FALSE
Jeff Noon,Man,White,FALSE
Jeff VanderMeer,Man,White,FALSE
Jeff Walker,Man,White,FALSE
Jeff Wheeler,Man,White,FALSE
Jeffe Kennedy,Woman,White,FALSE
Jeffery H. Haskell,Man,White,FALSE
Jeffrey Hall,Man,White,FALSE
Jeffrey Kluger,Man,White,FALSE
Jeffrey Lang,Man,White,FALSE
Jeffrey Russell,Man,White,FALSE
Jen Campbell,Woman,White,FALSE
Jen Williams,Woman,White,FALSE
Jenn Lyons,Woman,White,FALSE
Jenn Reese,Woman,White,FALSE
Jenna Glass,Woman,White,FALSE
Jenna Grey,Woman,Unknown,FALSE
Jennifer Blackstream,Woman,White,FALSE
Jennifer Estep,Woman,White,FALSE
Jennifer Finney Boylan,Woman,White,TRUE
Jennifer Foehner Wells,Woman,White,FALSE
Jennifer Giesbrecht,Woman,White,FALSE
Jennifer Givhan,Woman,Hispanic,FALSE
Jennifer L. Armentrout,Woman,White,FALSE
Jennifer Lynn Alvarez,Woman,Hispanic,FALSE
Jennifer Marie Brissett,Woman,Black,FALSE
Jennifer McMahon,Woman,White,TRUE
Jennifer R. Donohue,Woman,White,FALSE
Jennifer Roberson,Woman,White,FALSE
Jennifer Saint,Woman,White,FALSE
Jenny Hval,Woman,White,FALSE
Jenny McLachlan,Woman,White,FALSE
Jenny Schwartz,Woman,White,FALSE
Jeramy Goble,Man,White,FALSE
Jeremiah Kleckner,Unknown,Unknown,None
Jeremy Bai,Man,Asian,FALSE
Jeremy Szal,Man,White,FALSE
Jesmyn Ward,Woman,Black,FALSE
Jess Kidd,Woman,White,FALSE
Jess Nevins,Man,White,FALSE
Jessamine Chan,Woman,Asian,FALSE
Jesse Burlington,Woman,White,TRUE
Jesse McMinn,Man,White,FALSE
Jesse Mihalik,Woman,White,FALSE
Jesse Teller,Man,White,FALSE
Jessica Cluess,Woman,White,FALSE
Jessica Day George,Woman,White,FALSE
Jessica Miller,Woman,White,FALSE
Jessica S. Olson,Woman,White,FALSE
Jessica Spotswood,Woman,White,FALSE
Jessica Townsend,Woman,White,FALSE
Jessie Burton,Woman,White,FALSE
Jewelle Gomez,Woman,Black,FALSE
Ji-Yun,Man,Asian,FALSE
Jill Lepore,Woman,White,FALSE
Jim Butcher,Man,White,FALSE
Jim C. Hines,Man,White,FALSE
Jim Zub & Andy Suriano,Man,White,FALSE
Jin Yong,Man,Asian,FALSE
Jo Spurrier,Woman,White,FALSE
Jo Walton,Woman,White,FALSE
Joan He,Woman,Asian,FALSE
Joan Slonczewski,Woman,White,FALSE
Joanna Berry,Woman,White,FALSE
Joanna Hathaway,Woman,White,FALSE
Joanna Ruth Meyer,Woman,White,FALSE
Joanne M. Harris,Woman,White,FALSE
Jocelynn Drake,Woman,White,FALSE
Jodi Taylor,Woman,White,FALSE
Joe Abercrombie,Man,White,FALSE
Joe Clifford Faust,Man,White,FALSE
Joe Haldeman,Man,White,FALSE
Joe Hart,Man,White,FALSE
Joe Hill,Man,White,FALSE
Joe Jackson,Man,White,FALSE
Joe R. Lansdale,Man,White,FALSE
Joe Zieja,Man,White,FALSE
Joel Shepherd,Man,White,FALSE
Johann Wolfgang von Goethe,Man,White,FALSE
Johanna Lindsey,Woman,White,FALSE
Johanne Dallaire,Woman,White,FALSE
Johannes T. Evans,Man,White,TRUE
John Bellairs,Man,White,FALSE
John Bierce,Man,White,FALSE
John Brunner,Man,White,FALSE
John Buschman & Gloria J. Leckie,Unknown,White,FALSE
John Call,Man,Asian,TRUE
John Chu,Man,Asian,TRUE
John Cleese,Man,White,FALSE
John Conolly,Man,White,FALSE
John Crowley,Man,White,FALSE
John DeChancie,Man,White,FALSE
John Flanagan,Man,White,FALSE
John French,Man,White,FALSE
John G. Henry,Man,White,FALSE
John Gwynne,Man,White,FALSE
John Hornor Jacobs,Man,White,FALSE
John Howe,Man,White,FALSE
John Irving,Man,White,FALSE
John Joseph Adams,Man,White,FALSE
John Keats,Man,White,FALSE
John Kessel,Man,White,FALSE
John L. Monk,Man,White,FALSE
John Langan,Man,White,FALSE
John M. Ford,Man,White,FALSE
John Michael Greer,Man,White,FALSE
John Milton,Man,White,FALSE
John Rickett,Man,White,FALSE
John Sandford & Ctein,Man,White,FALSE
John Scalzi,Man,White,FALSE
John Schoffstall,Man,White,FALSE
John Updike,Man,White,FALSE
John Varley,Man,White,FALSE
John Wiswell,Man,White,TRUE
John Wyndham,Man,White,FALSE
John Zada,Man,White,FALSE
Jolene Zigarovich,Woman,White,None
Jon Auerbach,Man,White,FALSE
Jon Scieszka,Man,White,FALSE
Jon Skovron,Man,White,FALSE
Jonathan French,Man,White,FALSE
Jonathan Hickman,Man,White,FALSE
Jonathan L. Howard,Man,White,FALSE
Jonathan Maberry,Man,White,FALSE
Jonathan Remoiville,Man,White,FALSE
Jonathan Sims,Man,White,FALSE
Jonathan Smidt,Man,White,FALSE
Jonathan Strahan,Man,White,FALSE
Jonathan Stroud,Man,White,FALSE
Jonny Sun,Man,Asian,FALSE
Jordan Ifueko,Woman,Black,FALSE
Jordan L. Hawk,Man,White,TRUE
Jordan Weisman,Unknown,Unknown,None
Jordanna Max Brodsky,Woman,White,FALSE
Jorge Luis Borges,Man,Hispanic,FALSE
Jose Donoso,Man,Hispanic,FALSE
Jose Luis Zarate,Man,Hispanic,TRUE
Jose Pablo Iriarte,Man,Hispanic,FALSE
Jose Saramago,Man,Hispanic,FALSE
Joseph Daniel,Man,White,FALSE
Joseph Delaney,Man,White,FALSE
Joseph Fink & Jeffrey Cranor,Man,White,FALSE
Joseph Loconte,Man,White,FALSE
Joseph O. Doran,Man,White,FALSE
Joseph Oliveira,Man,White,FALSE
Josh Erikson,Man,White,FALSE
Josh Malerman,Man,White,FALSE
Joshua Dalzelle,Man,White,FALSE
Joshua James,Man,White,FALSE
Joshua Philip Jackson,Man,White,FALSE
Joshua Phillip Johnson,Man,White,FALSE
Joshua Reynolds,Man,White,FALSE
Joshua S. Levy,Man,White,FALSE
Joshua Whitehead,Nonbinary,Native,TRUE
Josiah Bancroft,Man,White,FALSE
Joss Lake,Man,White,TRUE
Jougi Shiraishi,Man,Asian,FALSE
Joy Demers,Woman,White,FALSE
Joy Demorra,Woman,White,FALSE
Juan Pablo Reyes Lancaster Jones,Man,Hispanic,FALSE
Judith C. Vogt,Nonbinary,White,TRUE
Judith P. Zinsser,Woman,White,FALSE
Jules Verne,Man,White,FALSE
Julia Armfield,Woman,White,TRUE
Julia Victoria Jones,Woman,White,FALSE
Julian K. Jarboe,Nonbinary,White,TRUE
Julie Abe,Woman,Asian,FALSE
Julie C. Dao,Woman,Asian,FALSE
Julie E. Czerneda,Woman,White,FALSE
Julie Kagawa,Woman,Asian,FALSE
Juliet Blackwell,Woman,White,FALSE
Juliet E. McKenna,Woman,White,FALSE
Juliet Marillier,Woman,White,FALSE
June C.L. Tan,Woman,Asian,FALSE
June Hur,Woman,Asian,FALSE
Junji Ito,Man,Asian,FALSE
Justin Call,Man,White,FALSE
Justin Gustainis,Man,White,FALSE
Justin Lee Anderson,Man,White,FALSE
Justina Ireland,Woman,Black,FALSE
Justina Robson,Woman,White,FALSE
K. Ancrum,Woman,Black,TRUE
K. Arsenault Rivera,Woman,Hispanic,TRUE
K. Aten,Woman,White,TRUE
K. Chess,Woman,White,TRUE
K. Eason,Woman,White,FALSE
K. H. Scheer,Man,White,FALSE
K.A. Applegate,Woman,White,FALSE
K.A. Doore,Nonbinary,White,TRUE
K.A. Stewart,Woman,White,FALSE
K.B. Spangler,Woman,White,FALSE
K.B. Wagers,Nonbinary,White,TRUE
K.D. Edwards,Man,White,TRUE
K.G. Johansson,Man,White,FALSE
K.J. Bishop,Woman,White,FALSE
K.J. Charles,Woman,White,TRUE
K.J. Parker,Man,White,FALSE
K.J. Sutton,Woman,White,FALSE
K.M. Shea,Woman,White,FALSE
K.M. Szpara,Man,White,TRUE
K.N. Banet,Woman,White,FALSE
K.R.R. Lockhaven,Man,White,FALSE
K.S. Villoso,Woman,Asian,FALSE
K.T. Bryski,Woman,White,TRUE
K.T. Hanna,Woman,White,FALSE
K.W. Jeter,Man,White,FALSE
Kacen Callender,Nonbinary,Black,TRUE
Kaela Rivera,Woman,Hispanic,FALSE
Kage Baker,Woman,White,FALSE
Kai Ashante Williams,Man,Black,TRUE
Kai Cheng Thom,Woman,Asian,TRUE
Kai Greenwood,Man,White,FALSE
Kai-Fu Lee & Chen Qiufan,Man,Asian,FALSE
Kaia Sonderby,Woman,White,TRUE
Kaitlin Bellamy,Woman,White,FALSE
Kaitlyn Davis,Woman,White,FALSE
Kaitlyn Rouhier,Woman,White,FALSE
Kaitlyn Zivanovich,Woman,White,FALSE
Kalayna Price,Woman,White,FALSE
Kali Wallace,Woman,White,FALSE
Kalynn Bayron,Woman,Black,TRUE
Kamee Abrahamian,Woman,White,TRUE
Kameron Hurley,Woman,White,TRUE
Kami Garcia,Woman,Hispanic,FALSE
Kamome Shirahama,Woman,Asian,FALSE
Kanae Minato,Woman,Asian,FALSE
Kara Dalkey,Woman,White,FALSE
Karah Sutton,Woman,White,FALSE
Karel Capek,Man,White,FALSE
Karen Lord,Woman,Black,FALSE
Karen Marie Moning,Woman,White,FALSE
Karen McBride,Woman,Native,FALSE
Karen Osborne,Woman,White,FALSE
Karen Russell,Woman,White,FALSE
Kari Maaren,Woman,White,FALSE
Karin Lowachee,Woman,Native,TRUE
Karin Tidbeck,Nonbinary,White,TRUE
Karl-Herbert Scheer,Man,White,FALSE
Kass Morgan,Woman,White,FALSE
Kassandra Montag,Woman,White,FALSE
Kat Cho,Woman,Asian,FALSE
Kat Howard,Woman,White,FALSE
Kate Bernheimer,Woman,White,FALSE
Kate Danley,Woman,White,FALSE
Kate Diamond,Nonbinary,White,TRUE
Kate Elliott,Woman,White,FALSE
Kate Forsyth,Woman,White,FALSE
Kate Griffin,Woman,White,FALSE
Kate Heartfield,Woman,White,TRUE
Kate Hope Day,Woman,White,TRUE
Kate M. Williams,Woman,White,FALSE
Kate Mascarenhas,Woman,Asian,FALSE
Kate Milford,Woman,White,FALSE
Kate Stradling,Woman,White,FALSE
Kate Wilhelm,Woman,White,FALSE
Katee Robert,Woman,White,FALSE
Katharina Seck,Woman,White,FALSE
Katharine Duckett,Woman,White,TRUE
Kathe Koja,Woman,White,FALSE
Katherine Addison,Woman,White,FALSE
Katherine Arden,Woman,White,FALSE
Katherine Kerr,Woman,White,FALSE
Katherine V. Forrest,Woman,White,TRUE
Kathleen Ann Goonan,Woman,White,FALSE
Kathleen Contine,Woman,White,FALSE
Kathleen Jennings,Woman,White,FALSE
Kathryn Allan,Unknown,Unknown,None
Kathryn Harkup,Woman,White,FALSE
Kathryn Harlan,Nonbinary,White,TRUE
Kathryn Hume,Woman,White,FALSE
Kathryn Purdie,Woman,White,FALSE
Kathy Tyers,Woman,White,FALSE
Katie Cross,Woman,White,FALSE
Katie Mack,Woman,White,FALSE
Katrina Leno,Woman,White,FALSE
Katrine Buch Mortensen,Woman,White,TRUE
Katsuhiro Otomo,Man,Asian,FALSE
Kawai Strong Washburn,Man,Black,FALSE
Kawo Tanuki,Unknown,Asian,None
Kayleigh Nicol,Woman,White,FALSE
Kazu Kibuishi,Man,Asian,FALSE
Kazuo Ishiguro,Man,Asian,FALSE
Keezey Young,Nonbinary,White,TRUE
Keith C. Blackmore,Man,White,FALSE
Kel Kade,Woman,White,FALSE
Kellen Graves,Nonbinary,White,TRUE
Kelley Armstrong,Woman,White,FALSE
Kelley Grant,Woman,White,FALSE
Kelly Barnhill,Woman,White,FALSE
Kelly Link,Woman,White,FALSE
Kelly Robson,Woman,White,TRUE
Ken Liu,Man,Asian,FALSE
Ken Plume & Jackson Publick & Doc Hammer,Man,White,FALSE
Kendare Blake,Woman,Asian,FALSE
Kenneth Arant,Man,White,FALSE
Kenneth Grahame,Man,White,TRUE
Kenneth Oppel,Man,White,FALSE
Kensley Norris,Woman,White,FALSE
Kentaro Miura,Man,Asian,FALSE
Kentaro Muira,Man,Asian,FALSE
Keri Arthur,Woman,White,FALSE
Kerri Maniscalco,Woman,White,FALSE
Kerstin Hall,Woman,White,FALSE
Kester Grant,Woman,Black,FALSE
Kevin Brockmeier,Man,White,FALSE
Kevin Hearne,Man,White,FALSE
Kevin J. Anderson,Man,White,FALSE
Kevin J. Anderson & Neil Peart,Man,White,FALSE
Kevin S. Decker & Jason T. Eberl,Man,White,FALSE
Kevin Wilson,Man,White,FALSE
Kiera Cass,Woman,White,FALSE
Kieron Gillen,Man,White,FALSE
Kiersten White,Woman,White,FALSE
Kij Johnson,Woman,White,FALSE
Kikuku Tsumura,Woman,Asian,FALSE
Kim Bo-Young,Woman,Asian,FALSE
Kim Harrison,Woman,White,FALSE
Kim Liggett,Woman,White,FALSE
Kim M. Watt,Woman,White,FALSE
Kim Newman,Man,White,FALSE
Kim Stanley Robinson,Man,White,FALSE
Kimberly Vale,Woman,White,FALSE
Kira Jane Buxton,Woman,White,FALSE
Kiran Millwood Hargrave,Woman,White,TRUE
Kirk Dougal,Man,White,FALSE
Kirsten Hacker,Woman,White,FALSE
Kisetsu Morita,Man,Asian,FALSE
Kit Rocha,Woman,White,FALSE
Kohei Horikoshi,Man,Asian,FALSE
Koushun Takami,Man,Asian,FALSE
Koyoharu Gotouge,Woman,Asian,FALSE
Kresley Cole,Woman,White,FALSE
Krista D. Ball,Woman,White,FALSE
Kristen Britain,Woman,White,FALSE
Kristen O'Neal,Woman,White,FALSE
Kristin Cashore,Woman,White,FALSE
Kristin Jacques,Woman,White,TRUE
Kristine Kathryn Rusch,Woman,White,FALSE
Krystal Sutherland,Woman,White,FALSE
Krystle Matar,Woman,White,FALSE
Kugali Media,Man,Black,FALSE
Kugane Maruyama,Man,Asian,FALSE
Kurt Vonnegut,Man,White,FALSE
Kurtis J. Wiebe,Man,White,FALSE
Kwame Mbalia,Man,Black,FALSE
Kyle Kirrin,Man,White,FALSE
Kyle Lukoff,Man,White,FALSE
Kyle McKeon,Man,Unknown,None
Kylie Lee Baker,Woman,Asian,FALSE
Kyoko Nakajima,Woman,Asian,FALSE
L. Austen Johnson,Woman,White,FALSE
L. Chan,Man,Asian,FALSE
L. Penelope,Woman,Black,FALSE
L.A. Banks,Woman,Black,FALSE
L.A. Taylor,Woman,White,FALSE
L.E. Modesitt Jr.,Man,White,FALSE
L.G. Estrella,Woman,Hispanic,FALSE
L.H. Whitlock,Woman,White,FALSE
L.L. Macrae,Woman,White,FALSE
L.M. Boston,Woman,White,FALSE
L.X. Beckett,Nonbinary,White,TRUE
Laddee Hubbard,Woman,Black,FALSE
Laini Taylor,Woman,White,FALSE
Laird Barron,Man,White,FALSE
Laird Hunt,Man,White,FALSE
Lana Harper,Woman,White,FALSE
Lane Robins,Woman,White,FALSE
Lara Elena Donnelly,Woman,White,TRUE
Larry Correia,Man,White,FALSE
Larry Niven,Man,White,FALSE
Larry Niven & Jerry Pournelle,Man,White,FALSE
Laszlo Krasznahorkai,Man,White,FALSE
LaTanya McQueen,Woman,Black,FALSE
Laura Anne Gilman,Woman,White,FALSE
Laura Brisbois,Woman,White,FALSE
Laura Brooke Robson,Woman,White,FALSE
Laura Chow Reeve,Woman,Asian,FALSE
Laura Esquivel,Woman,Hispanic,FALSE
Laura Gallego Garcia,Woman,White,FALSE
Laura Jean Mckay,Woman,White,FALSE
Laura Kate Dale,Woman,White,TRUE
Laura Lam,Nonbinary,White,TRUE
Laura Lam & Elizabeth May,Woman,White,FALSE
Laura Loup,Woman,White,FALSE
Laura M. Hughes,Unknown,White,FALSE
Laura Purcell,Woman,White,FALSE
Laura Sebastian,Woman,White,FALSE
Laura van den Berg,Woman,White,FALSE
Laura VanArendonk Baugh,Woman,White,FALSE
Laura Weymouth,Woman,White,FALSE
Laure Eve,Woman,White,FALSE
Laurell K. Hamilton,Woman,White,FALSE
Lauren Beukes,Woman,White,FALSE
Lauren Blackwood,Woman,Black,FALSE
Lauren Groff,Woman,White,FALSE
Lauren Shippen,Woman,White,FALSE
Laurence McNaughton,Man,White,FALSE
Laurent Genefort,Man,White,FALSE
Laurie Forest,Woman,White,FALSE
Laurie J. Marks,Woman,White,TRUE
Lavie Tidhar,Man,White,FALSE
Lawrence Anthony,Man,White,FALSE
Lawrence M. Schoen,Man,White,FALSE
Lawrence Watt Evans,Man,White,FALSE
Leah Wilson,Woman,White,FALSE
Lee French,Woman,White,FALSE
Lee Gaiteri,Man,White,FALSE
Lee Mandelo,Nonbinary,White,TRUE
Leigh Bardugo,Woman,White,FALSE
Leigh Butler,Woman,White,FALSE
Leila Taylor,Woman,Black,FALSE
Lena Alison Knight,Woman,White,FALSE
Lena Nguyen,Woman,Asian,FALSE
Leo Carew,Man,White,FALSE
Leonard Nimoy,Man,White,FALSE
Leone Ross,Man,White,FALSE
Lev Grossman,Man,White,FALSE
Lewis Carroll,Man,White,FALSE
Lexi Ryan,Woman,White,FALSE
Li Xing,Woman,Asian,TRUE
Lian Hearn,Woman,White,FALSE
Libba Bray,Woman,White,FALSE
Lila Bowen,Woman,White,FALSE
Lilana Bodoc,Woman,Hispanic,FALSE
Lilian T. James,Woman,White,FALSE
Lilith Saintcrow,Woman,White,FALSE
Lilliam Rivera,Woman,Hispanic,FALSE
Lily Mayne,Woman,White,FALSE
Lily Morton,Woman,White,FALSE
Lina Rather,Woman,White,TRUE
Lincoln Michel,Man,White,FALSE
Linda Hutcheon,Woman,White,FALSE
Linda Medley,Woman,White,FALSE
Linda Nagata,Woman,White,FALSE
Linden A. Lewis,Nonbinary,White,TRUE
Lindsay Buroker,Woman,White,FALSE
Lindsay Ellis,Woman,White,FALSE
Linsey Miller,Woman,White,FALSE
Lisa Cassidy,Woman,White,FALSE
Lisa Goldstein,Woman,White,FALSE
Lisa Henry & Sarah Honey,Woman,White,FALSE
Lisa Kroger & Melanie R. Anderson,Woman,White,TRUE
Lisa Yaszek,Woman,White,FALSE
Liselle Sambury,Woman,Black,FALSE
Lita Judge,Woman,White,FALSE
Liz Kerin,Woman,White,FALSE
Liz Marsham,Woman,White,FALSE
Lizz Huerta,Woman,Hispanic,FALSE
Lloyd Alexander,Man,White,FALSE
Lois H. Gresh,Woman,White,FALSE
Lois Lowry,Woman,White,FALSE
Lois McMaster Bujold,Woman,White,FALSE
Lola Robles,Woman,Hispanic,FALSE
Lord Dunsany,Man,White,FALSE
Lori M. Lee,Woman,Asian,FALSE
Lorne Ryburn,Woman,White,FALSE
Louisa Morgan,Woman,White,FALSE
Louise Carey,Woman,White,FALSE
Louise Erdrich,Woman,Native,FALSE
Louise Katz,Woman,White,FALSE
Luanne G. Smith,Woman,White,FALSE
Lucas K. Law,Unknown,Asian,FALSE
Lucia Ashta,Woman,Hispanic,FALSE
Lucian of Samosata,Man,White,FALSE
Lucius Shepard,Man,White,FALSE
Lucy Holland,Woman,White,FALSE
Lucy Strange,Woman,White,FALSE
Ludwig Tieck,Man,White,FALSE
Luis Robles,Man,Hispanic,FALSE
Lukas Kristjanson,Man,White,FALSE
Luke Arnold,Man,White,FALSE
Luke Belcourt,Man,White,FALSE
Luke Chmilenko,Man,White,FALSE
Luke Matthews,Man,White,FALSE
Luke Phillips,Man,White,FALSE
Luke Scull,Man,White,FALSE
lungs,Unknown,Unknown,None
Lydia Rogue,Nonbinary,White,TRUE
Lydia Sherrer,Woman,White,FALSE
Lyndall Clipston,Woman,White,FALSE
Lyndsay Ely,Woman,White,TRUE
Lynette Noni,Woman,White,FALSE
Lynn Flewelling,Woman,White,FALSE
Lyra Wolf,Nonbinary,White,TRUE
M. John Harrison,Man,White,FALSE
M. Rickert,Woman,White,FALSE
M. Shaw,Nonbinary,White,TRUE
M. Suddain,Man,White,FALSE
M. Verant,Man,White,FALSE
M.A. Carrick,Nonbinary,White,TRUE
M.A. Grant,Woman,White,FALSE
M.C.A. Hogarth,Woman,Hispanic,FALSE
M.D. Presley,Woman,White,FALSE
M.J Newman,Woman,White,TRUE
M.J. Gallagher,Man,White,FALSE
M.J. Kuhn,Woman,White,FALSE
M.K. Adams,Man,White,FALSE
M.K. Bingman,Man,White,FALSE
M.K. Theodoratus,Woman,White,FALSE
M.L. Krishnan,Woman,Asian,FALSE
M.L. Means,Unknown,Unknown,None
M.L. Spencer,Woman,White,FALSE
M.L. Wang,Woman,Asian,FALSE
M.M. Stauffer,Man,White,FALSE
M.R. Carey,Man,White,FALSE
M.R. Forbes,Man,White,FALSE
M.R. James,Man,White,FALSE
M.V. Fontaine,Unknown,White,None
Mackenzi Lee,Woman,White,TRUE
Mackenzie Lynn,Woman,Unknown,None
Madeleine L'Engle,Woman,White,FALSE
Madeline Miller,Woman,White,FALSE
Maggie Nowakowska,Woman,White,FALSE
Maggie Shen King,Woman,Asian,FALSE
Maggie Stiefvater,Woman,White,FALSE
Maggie Tokuda-Hall,Woman,Asian,FALSE
Mahvesh Murad,Woman,Asian,FALSE
Mai K. Nguyen,Woman,Asian,FALSE
Maja Lunde,Woman,White,FALSE
Malinda Lo,Woman,Asian,TRUE
Malka Ann Older,Woman,White,FALSE
Mallory O'Meara,Woman,White,FALSE
Mantic Games,Unknown,Unknown,None
Manuel Gonzales,Man,Hispanic,FALSE
Mar Delaney,Woman,White,TRUE
Mara Rutherford,Woman,White,FALSE
Marah Woolf,Woman,White,FALSE
Marc Alan Edelheit,Man,White,FALSE
Marc Burrows,Man,White,FALSE
Marc Laidlaw,Man,White,FALSE
Marc Silvestri,Man,White,FALSE
Marc-Uwe Kling,Man,White,FALSE
Marco Rocchi & Francesco Carita,Unknown,White,FALSE
Marcos Antonio Hernandez,Man,Hispanic,FALSE
Margaret Atwood,Woman,White,FALSE
Margaret Cavendish,Woman,White,FALSE
Margaret Killjoy,Nonbinary,White,TRUE
Margaret Owen,Woman,White,FALSE
Margaret Rogerson,Woman,White,TRUE
Margaret St. Clair,Woman,White,FALSE
Margaret Weis & Tracy Hickman,Unknown,White,FALSE
Margarita Montimore,Woman,White,FALSE
Marge Piercy,Woman,White,FALSE
Margit Richter & Thomas Engstrom,Unknown,White,FALSE
Margo Lanagan,Woman,White,FALSE
Maria Dahvana Headley,Woman,White,FALSE
Maria DeVivo,Woman,White,FALSE
Maria Grace,Woman,White,FALSE
Maria Lewis,Woman,Hispanic,FALSE
Maria Turtschaninoff,Woman,White,FALSE
Maria V. Snyder,Woman,White,FALSE
Mariam Petrosyan,Woman,White,FALSE
Marian Womack,Woman,White,FALSE
Mariana Enriquez,Woman,Hispanic,FALSE
Marie Brennan,Woman,White,FALSE
Marie Grasshoff,Woman,White,TRUE
Marie Lu,Woman,Asian,FALSE
Marie Rutkoski,Woman,White,FALSE
Marie Vibbert,Woman,White,FALSE
Marieke Nijkamp,Nonbinary,White,TRUE
Mariko Koike,Woman,Asian,FALSE
Mariko Ohara,Woman,Asian,FALSE
Marina Dyachenko & Sergey Dyachenko,Unknown,White,FALSE
Marina J. Lostetter,Woman,White,FALSE
Marina Vivancos,Woman,Hispanic,TRUE
Marion Zimmer Bradley,Woman,White,FALSE
Marisha Pessl,Woman,White,FALSE
Marissa Levien,Woman,White,FALSE
Marissa Meyer,Woman,White,FALSE
Marjorie Liu,Woman,Asian,FALSE
Mark Andrew Ferguson,Man,White,FALSE
Mark Dery,Man,White,FALSE
Mark Fisher,Man,White,FALSE
Mark Hayden,Man,White,FALSE
Mark Hodder,Man,White,FALSE
Mark Holloway,Man,White,FALSE
Mark Lawrence,Man,White,FALSE
Mark Morris,Man,White,FALSE
Mark Oshiro,Nonbinary,Hispanic,TRUE
Mark Rosenfelder,Man,White,FALSE
Mark Stay,Man,White,FALSE
Mark Twain,Man,White,FALSE
Mark Z. Danielewski,Man,White,FALSE
Marko Kloos,Man,White,FALSE
Markus Heitz,Man,White,FALSE
Marlon James,Man,Black,TRUE
Marlys Millhiser,Woman,White,FALSE
Marshall Ryan Maresca,Man,White,FALSE
Marta Randall,Woman,Hispanic,FALSE
Martha Wells,Woman,White,FALSE
Martin Felipe Castagnet,Man,Hispanic,FALSE
Martin H. Greenburg & Carrie Hughes,Unknown,White,FALSE
Martin L. Shoemaker,Man,White,FALSE
Martin Scott,Man,White,FALSE
Martin Stewart,Man,White,FALSE
Martine Fournier Watson,Woman,White,FALSE
Martine Leavitt,Woman,White,FALSE
Mary Doria Russell,Woman,White,FALSE
Mary E. Pearson,Woman,White,FALSE
Mary Gentle,Woman,White,FALSE
Mary Norton,Woman,White,FALSE
Mary O'Regan & Paul Kane,Woman,White,FALSE
Mary Roach,Woman,White,FALSE
Mary Robinette Kowal,Woman,White,FALSE
Mary Shelley,Woman,White,FALSE
Mary Soon Lee,Woman,Asian,FALSE
Mary Stewart,Woman,White,FALSE
Mary Victoria,Woman,White,FALSE
Maryrose Wood,Woman,White,FALSE
Masande Ntshanga,Man,Black,FALSE
Matt Brown & Rhys Davies,Man,White,FALSE
Matt Dinniman,Man,White,FALSE
Matt Haig,Man,White,FALSE
Matt Ruff,Man,White,FALSE
Matt Summers,Man,White,FALSE
Matt Wallace,Man,White,FALSE
Matthew Bright,Man,White,FALSE
Matthew Buscemi,Man,White,FALSE
Matthew FitzSimmons,Man,White,FALSE
Matthew G. Dick,Man,White,FALSE
Matthew Gregory Lewis,Man,White,FALSE
Matthew Hopkins,Man,White,FALSE
Matthew Hughes,Man,White,FALSE
Matthew Woodring Stover,Man,White,FALSE
Maureen F. McHugh,Woman,White,FALSE
Max Barry,Man,White,FALSE
Max Brooks,Man,White,FALSE
Max Gladstone,Man,White,FALSE
Max Gladstone & Lindsay Smith & Cassandra Rose Clarke & Michael Swanwick & Ian Tregillis & & Fran Wilde,Unknown,White,FALSE
Max Tegmark,Man,White,FALSE
Maxime Durand,Man,White,FALSE
Maxine Hong Kingston,Woman,Asian,FALSE
Maxwell Bauman,Man,White,TRUE
May Peterson,Woman,White,TRUE
Maya Arad,Woman,White,FALSE
Maya Motayne,Woman,Hispanic,FALSE
Meg Elison,Nonbinary,White,TRUE
Megan Campisi,Woman,White,FALSE
Megan Derr,Woman,White,FALSE
Megan E. O'Keefe,Woman,White,FALSE
Megan Lindholm,Woman,White,FALSE
Megan Shepherd,Woman,White,FALSE
Megan Whalen Turner,Woman,White,FALSE
Meghan Hyland,Woman,White,FALSE
Mel Kassel,Woman,White,TRUE
Mel Todd,Woman,White,FALSE
Melanie Cellier,Woman,White,FALSE
Melanie Golding,Woman,White,FALSE
Melanie Harding-Shaw,Woman,White,FALSE
Melanie Rawn & Jennifer Roberson & & Kate Elliott,Woman,White,FALSE
Melissa Albert,Woman,White,FALSE
Melissa Bashardoust,Woman,Asian,FALSE
Melissa Caruso,Woman,White,FALSE
Melissa Edmundson,Woman,White,FALSE
Melissa Marble,Woman,Unknown,None
Melissa Marr,Woman,White,FALSE
Melissa Marr & Tim Pratt,Unknown,White,FALSE
Melissa McShane,Woman,White,FALSE
Melissa Scott,Woman,White,TRUE
Melissa Scott & Lisa A. Barnett,Woman,White,TRUE
Meljean Brook,Woman,White,FALSE
Melvin Burgess,Man,White,FALSE
Menna Van Praag,Woman,White,FALSE
Merc Fenn Wolfmoor,Nonbinary,White,TRUE
Mercedes Lackey,Woman,White,FALSE
Mercedes Lackey & Eric Flint,Unknown,White,FALSE
Meredith Foster,Woman,Unknown,None
Meredith Katz,Nonbinary,White,TRUE
Mervyn Peake,Man,White,FALSE
Micah Yongo,Man,Black,FALSE
Micaiah Johnson,Woman,Hispanic,FALSE
Michael Andreasen,Man,White,FALSE
Michael Benson,Man,White,FALSE
Michael Chabon,Man,White,FALSE
Michael Chatfield,Man,White,FALSE
Michael Cisco,Man,White,FALSE
Michael Coolwood,Man,White,FALSE
Michael Crichton,Man,White,FALSE
Michael D. C. Drout,Man,White,FALSE
Michael DiMartino & Bryan Konietzko,Man,White,FALSE
Michael Ende,Man,White,FALSE
Michael Fletcher & Clayton Snyder,Man,White,FALSE
Michael Flynn,Man,White,FALSE
Michael G. Munz,Man,White,FALSE
Michael J. Sullivan,Man,White,FALSE
Michael Koryta,Man,White,FALSE
Michael Marshall Smith,Man,White,FALSE
Michael McClellan,Man,White,FALSE
Michael McClung,Man,White,FALSE
Michael McDowell,Man,White,TRUE
Michael Moorcock,Man,White,FALSE
Michael R. Fletcher,Man,White,FALSE
Michael R. Miller,Man,White,FALSE
Michael Reid,Man,White,FALSE
Michael S. Jackson,Man,White,FALSE
Michael Scott,Man,White,FALSE
Michael Shea,Man,White,FALSE
Michael Sisa,Man,White,FALSE
Michael Swanwick,Man,White,FALSE
Michael W. Gear,Man,White,FALSE
Michael-Scott Earle,Man,White,FALSE
Michal Wojtas,Man,White,FALSE
Michel Faber,Man,White,FALSE
Michelle Ann King,Woman,White,FALSE
Michelle I. Mason,Woman,White,FALSE
Michelle Paver,Woman,White,FALSE
Michelle West,Woman,Asian,FALSE
Michio Kaku,Man,Asian,FALSE
Mike Brooks,Man,White,FALSE
Mike Chen,Man,Asian,FALSE
Mike Mignola,Man,White,FALSE
Mike Mignola & Christopher Golden,Man,White,FALSE
Mike Shackle,Man,White,FALSE
Mike Shel,Man,White,FALSE
Mike Shevdon,Man,White,FALSE
Mikhail Bulgakov,Man,White,FALSE
Miles Cameron,Man,White,FALSE
Miles Hurt,Man,White,FALSE
Milla Vane,Woman,White,FALSE
Minchae Na,Unknown,Asian,None
Minto Higure,Man,Asian,FALSE
Mira Bolender,Woman,White,FALSE
Mira Grant,Woman,White,TRUE
Miri Yu,Woman,Asian,FALSE
Miroslav Zamboch,Man,White,FALSE
Mishell Baker,Woman,White,FALSE
Mitchell Hogan,Man,White,FALSE
Miya Kazuki,Woman,Asian,FALSE
Mizuho Kusanagi,Woman,Asian,FALSE
Mizuki Nomura,Woman,Asian,FALSE
Mo Xiang Tong Xiu,Woman,Asian,FALSE
Mohsin Hamad,Man,Asian,FALSE
Molly Knox Ostertag,Woman,White,TRUE
Molly Tanzer,Woman,White,FALSE
Mona Awad,Woman,White,FALSE
Monica Byrne,Woman,White,FALSE
Monica Furlong,Woman,White,FALSE
Monique Roffey,Woman,Black,FALSE
Mordelle,Unknown,Unknown,None
Morgan Cole,Unknown,Unknown,None
Morgan Stang,Woman,White,FALSE
MsKingBean89,Woman,Unknown,None
Mu Su Li,Woman,Asian,FALSE
Mur Lafferty,Woman,White,FALSE
Myke Cole,Man,White,FALSE
N.D Stevenson,Nonbinary,White,TRUE
N.D. Stevenson,Nonbinary,White,TRUE
N.K. Jemisin,Woman,Black,FALSE
Nagabe,Man,Asian,FALSE
Nagaru Tanigawa,Man,Asian,FALSE
Nahoko Uehashi,Woman,Asian,FALSE
Nalini Singh,Woman,Asian,FALSE
Nalo Hopkinson,Woman,Black,FALSE
Namina Forna,Woman,Black,FALSE
Namwali Serpell,Woman,Black,FALSE
Nan Allen,Woman,White,FALSE
Nana Kwame Adjei-Brenyah,Man,Black,FALSE
Nancy Holder,Woman,White,FALSE
Nancy O'Toole,Woman,White,FALSE
Nancy Springer,Woman,White,FALSE
Nancy Warren,Woman,White,FALSE
Naoki Urasawa,Man,Asian,FALSE
Naomi Alderman,Woman,White,FALSE
Naomi Hirahara,Woman,Asian,FALSE
Naomi Hughes,Woman,White,FALSE
Naomi Kritzer,Woman,White,FALSE
Naomi Mitchison,Woman,White,FALSE
Naomi Novik,Woman,White,FALSE
Natalie C. Parker,Woman,White,FALSE
Natalie Haynes,Woman,White,FALSE
Natalie Zina Walschots,Woman,White,TRUE
Natasha Ngan,Woman,Asian,TRUE
Natasha Pulley,Woman,White,TRUE
Nathan Carmen,Man,White,FALSE
Nathan Carson,Man,White,FALSE
Nathan Hall,Man,White,FALSE
Nathan Lowell,Man,White,FALSE
Nathaniel Hawthorne,Man,White,FALSE
Natsuo Kirino,Woman,Asian,FALSE
Neal & Jarrod Shusterman,Man,White,FALSE
Neal Asher,Man,White,FALSE
Neal Shusterman,Man,White,FALSE
Neal Stephenson,Man,White,FALSE
Necariin,Man,White,FALSE
Neil Clarke,Man,White,FALSE
Neil Gaiman,Man,White,FALSE
Neil Sharpson,Man,White,FALSE
Neil Smith,Man,White,FALSE
Neon Yang,Nonbinary,Asian,TRUE
Nevil Shute,Man,White,FALSE
Nghi Vo,Woman,Asian,TRUE
Ngugi wa Thiong'o,Man,Black,FALSE
Nicholas Eames,Man,White,FALSE
Nicholas McIntire,Man,White,FALSE
Nick Cutter,Man,White,FALSE
Nick Harkaway,Man,White,FALSE
Nick Kyme & Lindsey Priestley,Unknown,White,FALSE
Nick Mamatas,Man,White,FALSE
Nick Martell,Man,White,FALSE
Nicki Pau Preto,Woman,White,FALSE
Nicky Drayden,Woman,Black,FALSE
Nicola Claire,Woman,White,FALSE
Nicola Griffith,Woman,White,TRUE
Nicolas Lietzau,Man,White,FALSE
Nicole Galland & Neal Stephenson,Unknown,White,FALSE
Nicole Glover,Woman,Black,FALSE
Nicole Jarvis,Woman,White,FALSE
Nicole Kornher-Stace,Nonbinary,White,TRUE
Nicole Willson,Woman,White,FALSE
Nikita Gill,Woman,White,FALSE
Nino Cipri,Nonbinary,White,TRUE
Nisi Shawl,Woman,Black,FALSE
NISIOISIN,Man,White,FALSE
Nnedi Okorafor,Woman,Black,FALSE
Noc,Unknown,Asian,None
Noor Al-Shanti,Woman,Asian,FALSE
Nora Bendzko,Woman,White,FALSE
Nora Roberts,Woman,White,FALSE
Norton Juster,Man,White,FALSE
Nyri A. Bakkalian,Woman,White,TRUE
Octavia Butler,Woman,Black,FALSE
Oghenechovwe Donald Ekpeki ,Unknown,Black,FALSE
Olen Thorensen,Man,White,FALSE
Olga Werby,Woman,White,FALSE
Oliver K. Langmead,Man,White,TRUE
Olivia Ash,Woman,White,FALSE
Olivia Atwater,Woman,White,FALSE
Olivie Blake,Woman,Hispanic,FALSE
Olympe Bhely-Quenum,Man,Black,FALSE
Ophelia Silk,Woman,White,TRUE
Orson Scott Card,Man,White,FALSE
Oscar de Muriel,Man,Hispanic,FALSE
P. Djeli Clark,Man,Black,FALSE
P.B. Kerr,Man,White,FALSE
Pam Munoz Ryan,Woman,Hispanic,FALSE
Pamela Dean,Woman,White,FALSE
Paolo Bacigalupi,Man,White,FALSE
Paolo Bacigalupi & Tobias S. Buckell,Man,Black,FALSE
Parker Foye,Nonbinary,White,TRUE
Pat Barker,Woman,White,TRUE
Pat Cadigan,Woman,White,FALSE
Pat Schmatz,Nonbinary,White,TRUE
Pater Sage,Unknown,Unknown,None
Patrice Caldwell,Woman,Black,FALSE
Patricia A. McKillip,Woman,White,FALSE
Patricia Bray,Woman,White,FALSE
Patricia Briggs,Woman,White,FALSE
Patricia C. Wrede,Woman,White,FALSE
Patricia C. Wrede & Caroline Stevermer,Woman,White,FALSE
Patricia Rice,Woman,White,FALSE
Patrick B. Sharpe,Man,White,FALSE
Patrick deWitt,Man,White,FALSE
Patrick Ness,Man,White,FALSE
Patrick Rothfuss,Man,White,FALSE
Patrick S. Tomlinson,Man,White,FALSE
Patrick Samphire,Man,White,FALSE
Patrick Weekes,Man,White,FALSE
Patti Callahan,Woman,White,FALSE
Paul Cornell,Man,White,FALSE
Paul J. McAuley,Man,White,TRUE
Paul J. Nahin,Man,White,FALSE
Paul Kane,Man,White,FALSE
Paul Knoepfler & Julie Knoepfler,Unknown,White,FALSE
Paul Krueger,Man,Asian,FALSE
Paul O. Williams,Man,White,FALSE
Paul S. Kemp,Man,White,TRUE
Paul Stewart & Chris Riddell,Man,White,FALSE
Paul Tremblay,Man,White,FALSE
Paula Brackston,Woman,White,FALSE
Paula Guran,Woman,White,FALSE
Paulo Coelho,Man,White,FALSE
Peadar O'Guilin,Man,White,FALSE
Pelle Nilsson,Man,White,FALSE
Pemi Aguda,Woman,Black,FALSE
Peng Shepherd,Woman,Asian,FALSE
Percival Everett,Man,Black,FALSE
Pergentino Jose,Man,Native,FALSE
Peter A. Flannery,Man,White,FALSE
Peter Bergting,Man,White,FALSE
Peter Clines,Man,White,FALSE
Peter F. Hamilton,Man,White,FALSE
Peter Fehervari,Man,White,FALSE
Peter Frase,Man,White,FALSE
Peter McLean,Man,White,FALSE
Peter Newman,Man,White,FALSE
Peter S. Beagle,Man,White,FALSE
Peter V. Brett,Man,White,FALSE
Peter Watts,Man,White,FALSE
Petros Triantafyllou,Man,White,FALSE
Phil Tucker,Man,White,FALSE
Phil Williams,Man,White,FALSE
Philip & Carol Zelinsky,Unknown,White,FALSE
Philip C. Quaintrell,Man,White,FALSE
Philip Daileader,Man,White,FALSE
Philip Fracassi,Man,White,FALSE
Philip Jose Farmer,Man,Hispanic,FALSE
Philip K. Dick,Man,White,FALSE
Philip Pullman,Man,White,FALSE
Phoebe Wagner & Bronte Christopher Wieland,Unknown,Unknown,None
Phyllis Ann Karr,Woman,White,FALSE
Pierce Brown,Man,White,FALSE
Pierre Boulle,Man,White,FALSE
Pierre Pevel,Man,White,FALSE
Piers Anthony,Man,White,FALSE
Piraeaba,Unknown,Unknown,None
Pirateaba,Unknown,Unknown,None
Polly Ho-Yen,Woman,Asian,FALSE
Poppy Z. Brite,Woman,White,TRUE
Poul Anderson,Man,White,FALSE
Premee Mohamed,Woman,Asian,FALSE
Priest,Woman,Asian,FALSE
Project Itoh,Man,Asian,FALSE
Prudence Shen,Woman,Asian,FALSE
Qcode,Unknown,Unknown,None
qntm,Man,White,FALSE
Quan Barry,Woman,Asian,FALSE
Quenby Olson,Woman,White,FALSE
QuietValerie,Woman,White,TRUE
Quill Moniker,Man,White,FALSE
R. Cooper,Nonbinary,White,TRUE
R. Scott Bakker,Man,White,FALSE
R.A. Lafferty,Man,White,FALSE
R.A. MacAvoy,Woman,White,FALSE
R.A. Mejia,Man,Hispanic,FALSE
R.A. Salvatore,Man,White,FALSE
R.B. Lemberg,Nonbinary,White,TRUE
R.E. Stearns,Woman,White,FALSE
R.F. Kuang,Woman,Asian,FALSE
R.J. Barker,Man,White,FALSE
R.J. Theodore,Nonbinary,White,TRUE
R.P. Jones,Man,White,FALSE
R.S. Belcher,Man,White,FALSE
R.S. Craig,Man,White,FALSE
Rachel Aaron,Woman,White,FALSE
Rachel Aaron & Travis Bach,Unknown,White,FALSE
Rachel Caine,Woman,White,FALSE
Rachel Emma Shaw,Woman,White,FALSE
Rachel Griffin,Woman,White,FALSE
Rachel Harrison,Woman,White,FALSE
Rachel Hartman,Woman,White,FALSE
Rachel Kaine,Woman,White,FALSE
Rachel Kasten,Woman,White,FALSE
Rachel Kastin & Daniel Gailbraith,Unknown,White,FALSE
Rachel Manija Brown,Woman,White,TRUE
Rachel Neumeier,Woman,White,TRUE
Rachel Smythe,Woman,White,FALSE
Rachel Swirsky,Woman,White,FALSE
Rachel Yoder,Woman,White,FALSE
Racoona Sheldon,Woman,White,FALSE
Rae Carson,Woman,White,FALSE
Rae Carson & Vina Jie-Min Prasad & Naomi Kritzer & Yoon Ha Lee & T. Kingfisher & John Wiswell,Woman,Asian,TRUE
Rafael Chandler,Man,White,FALSE
Rain Oxford,Woman,White,FALSE
Rainbow Rowell,Woman,White,FALSE
Ramin Zahed,Man,Asian,FALSE
Randall Cooper,Man,White,FALSE
Ransom Riggs,Man,White,FALSE
Raven Kennedy,Woman,White,FALSE
Ravens Dagger,Unknown,Unknown,None
Rawan Yaghi,Woman,Asian,FALSE
Ray Bradbury,Man,White,FALSE
Ray Nayler,Man,White,FALSE
Ray Russell,Man,White,FALSE
Ray Wood,Man,Unknown,None
Raymond A. Villareal,Man,Hispanic,FALSE
Raymond E. Feist,Man,White,FALSE
Raymond E. Feist & Janny Wurts,Unknown,White,FALSE
Raymond St. Elmo,Man,White,FALSE
Rebecca Bapaye,Woman,White,FALSE
Rebecca Kim Wells,Woman,Asian,TRUE
Rebecca Levene,Woman,White,FALSE
Rebecca Roanhorse,Woman,Native,FALSE
Rebecca Ross,Woman,White,FALSE
Rebecca Schaeffer,Woman,White,FALSE
Rebecca Stead,Woman,White,FALSE
Reimena Yee,Woman,Asian,FALSE
Rem Wigmore,Nonbinary,White,TRUE
Rena Barron,Woman,Black,FALSE
Rena Rossner,Woman,White,FALSE
Rene Depestre,Man,Black,FALSE
Renee Ahdieh,Woman,Asian,FALSE
Renee Dugan,Woman,White,FALSE
Rhett C. Bruno,Man,White,FALSE
Rhiannon Thomas,Woman,White,FALSE
Rhonda Parrish,Woman,White,FALSE
Rian Hughes,Man,White,FALSE
Rich Larson,Man,White,FALSE
Richard Adams,Man,White,FALSE
Richard Fierce,Man,White,FALSE
Richard Ford Burley,Man,White,FALSE
Richard Fox,Man,White,FALSE
Richard J. Hansen,Man,White,FALSE
Richard K. Morgan,Man,White,TRUE
Richard Kadrey,Man,White,FALSE
Richard Marsh,Man,White,FALSE
Richard Matheson,Man,White,FALSE
Richard Nell,Man,White,FALSE
Richard Paul Russo,Man,White,FALSE
Richard Powers,Man,White,FALSE
Richard Roberts,Man,White,FALSE
Richard Swan,Man,White,FALSE
Richard Thomas,Man,White,FALSE
Richard Williams,Man,White,FALSE
Richelle Mead,Woman,White,FALSE
Richie Narvaez,Man,Hispanic,FALSE
Rick Cook,Man,White,FALSE
Rick Riordan,Man,White,FALSE
Rifujin Na Magonote,Man,Asian,FALSE
Riley Sager,Man,White,FALSE
Rin Chupeco,Nonbinary,Asian,TRUE
Rivers Solomon,Nonbinary,Black,TRUE
Roald Dahl,Man,White,FALSE
Rob J. Hayes,Man,White,FALSE
Robbie Arnott,Man,White,FALSE
Robert Asprin,Man,White,FALSE
Robert Brockway,Man,White,FALSE
Robert Dimsdale,Man,White,FALSE
Robert E. Howard,Man,White,FALSE
Robert H. Fleming,Man,White,FALSE
Robert Heinlein,Man,White,FALSE
Robert Holdstock,Man,White,FALSE
Robert J. Power,Man,White,FALSE
Robert J. Sawyer,Man,White,FALSE
Robert Jackson Bennett,Man,White,FALSE
Robert Jordan,Man,White,FALSE
Robert Jordan & Brandon Sanderson,Man,White,FALSE
Robert Jordan & Harriet McDougal & Alan Romanczuk & Maria Simons,Man,White,FALSE
Robert Kirkman,Man,White,FALSE
Robert L. Forward,Man,White,FALSE
Robert Louis Stevenson,Man,White,FALSE
Robert Lynn Aspin,Man,White,FALSE
Robert McCammon,Man,White,FALSE
Robert Olen Butler,Man,White,FALSE
Robert Scheckley,Man,White,FALSE
Robert Silverberg,Man,White,FALSE
Robert V.S. Redick,Man,White,FALSE
Robert Vane,Man,White,FALSE
Robert W. Chambers,Man,White,FALSE
Roberto Aguirre-Sacasa,Man,White,TRUE
Robin D. Laws,Man,White,FALSE
Robin Hobb,Woman,White,FALSE
Robin Lythgoe,Woman,White,FALSE
Robin McKinley,Woman,White,FALSE
Robin Sloan,Man,White,FALSE
Robyn Peterman,Woman,White,FALSE
Roger Bellini,Man,White,FALSE
Roger Luckhurst,Man,White,FALSE
Roger Zelazny,Man,White,FALSE
Rokeya Sakhawat,Woman,Asian,FALSE
Romina Garber,Woman,Hispanic,FALSE
Ron Walters,Man,White,FALSE
Ronald Kelly,Man,White,FALSE
Roque Larraquy,Man,Hispanic,FALSE
Rory Michaelson,Nonbinary,White,TRUE
Rory Power,Woman,White,TRUE
Rosa Montero,Woman,White,FALSE
Rosa Rankin-Gee,Woman,White,FALSE
Rosalie Morales Kearns,Woman,Hispanic,FALSE
Rosalie Oaks,Woman,White,FALSE
Rosaria Munda,Woman,White,FALSE
Rose Macaulay,Woman,White,FALSE
Rose Szabo,Nonbinary,White,TRUE
Roseanne A. Brown,Woman,Black,FALSE
Roseanne Montillo,Woman,Hispanic,FALSE
Rosemary Haughton,Woman,White,FALSE
Rosemary Kirstein,Woman,White,FALSE
Rosemary Sutcliff,Woman,White,FALSE
Roshani Chokshi,Woman,Asian,FALSE
Roslyn Sinclair,Woman,White,TRUE
Rotten Apple,Man,Asian,FALSE
Rowan Speedwell,Woman,White,FALSE
Rowenna Miller,Woman,White,FALSE
Roz Kaveney,Woman,White,TRUE
Ruby Dixon,Woman,White,FALSE
Rudy Ruiz,Man,Hispanic,FALSE
Rupert Chesterton,Man,White,FALSE
Ruth Hogan,Woman,White,FALSE
Ruthanna Emrys,Woman,White,FALSE
Ryan Cahill,Man,White,FALSE
Ryan Cormier,Man,White,FALSE
Ryan Kirk,Man,White,FALSE
Ryan La Sala,Nonbinary,Hispanic,TRUE
Ryan Leslie,Man,White,FALSE
Ryan North,Man,White,FALSE
Ryk E. Spoor,Man,White,FALSE
Ryka Aoki,Woman,Asian,TRUE
Ryohgo Narita,Man,Asian,FALSE
Ryoko Kui,Woman,Asian,FALSE
Ryusen Hirotsugu,Unknown,Asian,FALSE
S. Jae-Jones,Nonbinary,Asian,TRUE
S. Qiouyi Lu,Nonbinary,Asian,TRUE
S.A. Chakraborty,Woman,White,FALSE
S.A. Hunt,Woman,White,TRUE
S.A. Jones,Woman,White,FALSE
S.A. Tholin,Woman,White,FALSE
S.B. Divya,Nonbinary,Asian,TRUE
S.C. Butler,Man,White,FALSE
S.C. Jensen,Woman,White,FALSE
S.D. Simper,Woman,White,TRUE
S.D. Smith,Man,White,FALSE
S.E. Robertson,Woman,White,FALSE
S.H. Jucha,Man,White,FALSE
S.J. Costello,Nonbinary,White,TRUE
S.J. Hull,Unknown,Unknown,None
S.J. Sindu,Woman,Asian,FALSE
S.K. Dunstall,Woman,White,FALSE
S.K. Vaughn,Unknown,Unknown,None
S.L. Dove Cooper,Nonbinary,White,TRUE
S.L. Huang,Woman,Asian,FALSE
S.M. Boyce,Woman,White,FALSE
S.M. Stirling,Man,White,FALSE
S.M. Wheeler,Woman,Unknown,None
S.N. Lewitt,Woman,White,FALSE
S.T. Gibson,Woman,White,FALSE
Saad Z. Hossain,Man,Asian,FALSE
Sabaa Tahir,Woman,Asian,FALSE
Sabrina Vourvoulias,Woman,Hispanic,FALSE
Saladin Ahmed,Man,Asian,FALSE
Sally Green,Woman,White,FALSE
Salman Rushdie,Man,Asian,FALSE
Sam Argent,Woman,White,FALSE
Sam Farren,Nonbinary,Hispanic,TRUE
Sam Feuerbach,Man,White,FALSE
Sam Hawke,Woman,White,FALSE
Sam J. Miller,Man,White,FALSE
Sam Starbuck,Man,White,FALSE
Samanta Schweblin,Woman,Hispanic,FALSE
Samantha Shannon,Woman,White,FALSE
Sami Schalk,Woman,Black,TRUE
Sami Shah,Man,Asian,FALSE
Samit Basu,Man,Asian,FALSE
Samuel Gately,Man,White,FALSE
Samuel R. Delany,Man,Black,TRUE
Sandra Lawrence,Woman,White,FALSE
Sandy Mitchell,Man,White,FALSE
Sangu Mandanna,Woman,Asian,FALSE
Sara Bergmark Elfgren,Woman,White,FALSE
Sara C. Roethle,Woman,White,FALSE
Sara Clancy,Woman,White,FALSE
Sara Douglass,Woman,White,FALSE
Sarah Addison Allen,Woman,White,FALSE
Sarah Adlakha,Woman,White,FALSE
Sarah Beth Durst,Woman,White,FALSE
Sarah Chorn,Woman,White,TRUE
Sarah Dreher,Woman,White,TRUE
Sarah Flannery Murphy,Woman,White,FALSE
Sarah Gailey,Nonbinary,White,TRUE
Sarah Glenn Marsh,Woman,White,TRUE
Sarah Hawke,Woman,White,FALSE
Sarah J. Maas,Woman,White,FALSE
Sarah Joy Adams,Woman,White,FALSE
Sarah K. L. Wilson,Woman,White,FALSE
Sarah Kozloff,Woman,White,FALSE
Sarah Langan,Woman,White,FALSE
Sarah Lin,Woman,Asian,FALSE
Sarah MacLean,Woman,White,FALSE
Sarah Mensinga,Woman,White,FALSE
Sarah Monette,Woman,White,FALSE
Sarah Painter,Woman,White,FALSE
Sarah Penner,Woman,White,FALSE
Sarah Pinsker,Woman,White,TRUE
Sarah Rees Brennan,Woman,White,FALSE
Sarah Tolmie,Woman,White,TRUE
Sarah Waters,Woman,White,TRUE
Sarah Zettel,Woman,White,FALSE
Sarena Ulibarri,Woman,White,FALSE
Sarwat Chadda,Man,Asian,FALSE
Sascha Stronach,Man,Native,FALSE
Sasha Peyton Smith,Woman,White,FALSE
Savinien de Cyrano de Bergerac,Man,White,FALSE
Sayaka Murata,Woman,Asian,FALSE
Scarlett Gale,Woman,White,TRUE
Scarlett St. Clair,Woman,White,FALSE
Schuyler Hernstrom,Man,White,FALSE
Scott Browder,Man,White,FALSE
Scott Gable & C. Dombrowski,Man,White,FALSE
Scott Hawkins,Man,White,FALSE
Scott Kenemore,Man,White,FALSE
Scott Lynch,Man,White,FALSE
Scott McCloud,Man,White,FALSE
Scott McGough,Man,White,FALSE
Scott Meyer,Man,White,FALSE
Scott Oden,Man,White,FALSE
Scott Reintgen,Man,White,FALSE
Scott Sigler,Man,White,FALSE
Scott Smith,Man,White,FALSE
Scott Warren,Man,White,FALSE
Scott Westerfeld,Man,White,FALSE
Scotto Moore,Man,White,FALSE
Sean Howe,Man,White,FALSE
Sean Russell,Man,White,FALSE
Sean Stewart,Man,White,FALSE
Seana Kelly,Woman,White,FALSE
Seanan McGuire,Woman,White,TRUE
Sebastian Nothwell,Man,White,TRUE
Sebastien de Castell,Man,White,FALSE
Selkie Myth,Woman,White,FALSE
Senaa Ahmad,Woman,Asian,FALSE
Sequoia Nagamatsu,Woman,Asian,FALSE
Serge Brussolo,Man,White,FALSE
Set Sytes,Man,White,TRUE
Seth Dickinson,Man,White,FALSE
Seymour Zeynalli,Man,White,FALSE
Shakirah Bourne,Woman,Black,FALSE
Shami Stovall,Woman,White,FALSE
Shane Arbuthnott,Man,White,FALSE
Shanna Swendson,Woman,White,FALSE
Shannon Hale,Woman,White,FALSE
Shannon Mayer,Woman,White,FALSE
Shannon Messenger,Woman,White,FALSE
Shaoni C. White,Nonbinary,Asian,TRUE
Sharon Lee & Steve Miller,Unknown,White,FALSE
Sharon Shinn,Woman,White,FALSE
Sharyn November,Woman,White,FALSE
Shaun David Hutchinson,Man,White,FALSE
Shaun Paul Stevens,Man,White,FALSE
Shawn Speakman,Man,White,FALSE
Shay K. Azoulay,Man,White,FALSE
ShayneT,Man,White,FALSE
Shea Ernshaw,Woman,White,FALSE
Shea Godfrey,Woman,White,FALSE
Shelby Mahurin,Woman,White,FALSE
Shelley Laurenston,Woman,White,FALSE
Shelley Parker-Chan,Nonbinary,Asian,TRUE
Shelly Campbell,Woman,White,FALSE
Shemer Kuznits,Man,White,FALSE
Sheri S. Tepper,Woman,White,FALSE
Sherry Thomas,Woman,Asian,FALSE
Sherwood Smith,Woman,White,FALSE
Shin Noah,Man,Asian,FALSE
Shion Miura,Woman,Asian,FALSE
Shirley Hughes,Woman,White,FALSE
Shirley Jackson,Woman,White,FALSE
Shirtaloon,Man,White,FALSE
Shiv Ramdas,Man,Asian,FALSE
Shogo Kinugasa,Man,Asian,FALSE
Sidney Wainwright,Man,White,FALSE
sieley,Unknown,Unknown,None
Sienna Tristen,Woman,White,TRUE
Sifton Tracey Anipare,Woman,Black,FALSE
Signe Pike,Woman,White,FALSE
Silvia Moreno-Garcia,Woman,Hispanic,FALSE
Silvia Moreno-Garcia & Paula R. Stiles,Woman,Hispanic,FALSE
Sim Kern,Nonbinary,White,TRUE
Simon Hanselmann,Man,White,TRUE
Simon Hawke,Man,White,FALSE
Simon Haynes,Man,White,FALSE
Simon Ings,Man,White,FALSE
Simon Jimenez,Man,Asian,TRUE
Simon R. Green,Man,White,FALSE
Simon Spurrier,Man,White,FALSE
Simon Stalenhag,Man,White,FALSE
Simonetta Carr,Woman,White,FALSE
Siobhan Carroll,Woman,White,FALSE
Sjon,Man,White,FALSE
Skyla Dawn Cameron,Woman,White,FALSE
Snorri Hergill Kristjansson,Man,White,FALSE
Sofia Drummond-Moore,Woman,White,FALSE
Sofia Samatar,Woman,Black,FALSE
Sofia Segovia,Woman,Hispanic,FALSE
Somaiya Daud,Woman,Black,FALSE
Soman Chainani,Man,Asian,TRUE
Songling Pu,Man,Asian,FALSE
Sonia Hartl,Woman,White,FALSE
Sonia Nimr,Woman,Asian,FALSE
Sonia Suleiman,Woman,Asian,FALSE
Sophie Hannah,Woman,White,FALSE
Sophie Whittemore,Woman,Asian,FALSE
Sosuke Natsukawa,Man,Asian,FALSE
Stanislaw Lem,Man,White,FALSE
Stark Holborn,Nonbinary,White,TRUE
Stefan Bachmann,Man,White,FALSE
Stefan Spjut,Man,White,FALSE
Stepan Kopriva,Man,White,FALSE
Steph Swainston,Woman,White,FALSE
Stephan R. Bellem,Man,White,FALSE
Stephanie Burgis,Woman,White,FALSE
Stephanie Garber,Woman,White,FALSE
Stephanie Meyer,Woman,White,FALSE
Stephen Aryan,Man,Asian,FALSE
Stephen Baxter,Man,White,FALSE
Stephen Blackmoore,Man,White,FALSE
Stephen Fry,Man,White,FALSE
Stephen Gould,Man,White,FALSE
Stephen Graham Jones,Man,Native,FALSE
Stephen King,Man,White,FALSE
Stephen R. Donaldson,Man,White,FALSE
Stephen R. Lawhead,Man,White,FALSE
Steve McHugh,Man,White,FALSE
Steve Parker,Unknown,White,FALSE
Steve Thomas,Man,White,FALSE
Steven Appleby,Man,White,FALSE
Steven Barnes,Man,Black,FALSE
Steven Brust,Man,White,FALSE
Steven Erikson,Man,White,FALSE
Steven Gould,Man,White,FALSE
Steven R. Boyett,Man,White,FALSE
stewart92,Unknown,Unknown,None
Stina Leicht,Woman,White,FALSE
Stranglerfig,Unknown,Unknown,None
Stuart R. McCafferty,Man,White,FALSE
Stuart Turton,Man,White,FALSE
Sue Burke,Woman,White,FALSE
Sue Lynn Tan,Woman,Asian,FALSE
Sue Rainsford,Woman,White,FALSE
Sui Ishida,Man,Asian,FALSE
Suleikha Snyder,Woman,Black,FALSE
Susan Cooper,Woman,White,FALSE
Susan Dennard,Woman,White,TRUE
Susan Greenwood,Woman,White,FALSE
Susan Palwick,Woman,White,FALSE
Susanna Clarke,Woman,White,FALSE
Suyi Davies Okungbowa,Man,Black,FALSE
Suzannah Rowntree,Woman,White,FALSE
Suzanne Collins,Woman,White,FALSE
Suzanne Walker & Wendy Xu,Woman,Asian,FALSE
Suzanne Wright,Woman,White,FALSE
Suzanne Young,Woman,White,FALSE
Sylvain Neuvel,Man,White,FALSE
Sylvia Mercedes,Woman,White,FALSE
Sylvia Townsend Warner,Woman,White,FALSE
T. Frohock,Woman,White,FALSE
T. Kingfisher,Woman,White,FALSE
T.A. White,Woman,White,FALSE
T.H. White,Man,White,FALSE
T.J. Klune,Man,White,TRUE
T.L. Greylock,Woman,White,TRUE
T.L. Huchu,Man,Black,FALSE
Ta-Nehisi Coates,Man,Black,FALSE
Tabitha Bird,Woman,White,FALSE
Tad Williams,Man,White,FALSE
Tade Thompson,Man,Black,FALSE
Tahereh Mafi,Woman,Asian,FALSE
Tamara Macfarlane,Woman,White,FALSE
Tamora Pierce,Woman,White,FALSE
Tamsyn Muir,Woman,White,TRUE
Tananarive Due,Woman,Black,FALSE
Tanith Lee,Woman,White,FALSE
Tanya Huff,Woman,White,FALSE
Tanya Lapointe,Woman,White,FALSE
Tao Wong,Man,Asian,FALSE
Tao Wong & A.G. Marshall,Man,Asian,FALSE
Tara Grayce,Woman,White,FALSE
Tara Sim,Woman,Asian,FALSE
Tasha Suri,Woman,Asian,FALSE
Tatsuki Fujimoto,Man,Asian,FALSE
Tatsuya Endo,Man,Asian,FALSE
Ted Chiang,Man,Asian,FALSE
Tehlor Kay Mejia,Woman,Hispanic,TRUE
Tehlor Kay Mejia & Anna-Marie McLemore,Woman,Hispanic,TRUE
Temi Oh,Woman,Black,FALSE
Terry Brooks,Man,White,FALSE
Terry Mancour,Man,White,FALSE
Terry Miles,Man,White,FALSE
Terry Moore,Man,White,FALSE
Terry Pratchett,Man,White,FALSE
Terry Pratchett & Neil Gaiman,Man,White,FALSE
Terry Pratchett & Stephen Baxter,Man,White,FALSE
Tessa Gratton,Nonbinary,White,TRUE
Tessa Hastjarjanto,Woman,Asian,FALSE
Tessonja Odette,Woman,White,FALSE
The Whisperforge,Unknown,Unknown,None
Thea Lim,Woman,Asian,FALSE
Theodora Goss,Woman,White,FALSE
Theodore Sturgeon,Man,White,FALSE
TheOldAquarian,Unknown,Unknown,None
Thilo Corzilius,Man,White,FALSE
ThinkTwice,Unknown,Unknown,None
Thomas Ha,Man,Asian,FALSE
Thomas King,Man,Native,FALSE
Thomas Ligotti,Man,White,FALSE
Thomas Olde Heuvelt,Man,White,FALSE
Thomas Webb,Man,Black,FALSE
Thoraiya Dyer,Woman,White,FALSE
Tillie Walden,Woman,White,TRUE
Tilly Wallace,Woman,White,FALSE
Tim Hardie,Man,White,FALSE
Tim Miller & David Fincher,Unknown,White,FALSE
Tim Powers,Man,White,FALSE
Tim Pratt,Man,White,FALSE
Tim Stretton,Man,White,FALSE
Tim Waggoner,Man,White,FALSE
Timandra Whitecastle,Woman,White,FALSE
Timothy Hickson,Man,White,FALSE
Timothy Mudie,Man,White,FALSE
Timothy S. Currey,Man,White,FALSE
Timothy Zahn,Man,White,FALSE
Tina Connolly,Woman,White,TRUE
Tobias Buckell,Man,Black,FALSE
Tobin Marks,Man,White,FALSE
Tochi Onyebuchi,Man,Black,FALSE
Todd Herzman,Man,White,FALSE
Tom Beckerlegge,Man,White,FALSE
Tom De Haan,Man,White,FALSE
Tom Dumbrell,Man,White,FALSE
Tom Holt,Man,White,FALSE
Tom Lin,Man,Asian,FALSE
Tom Miller,Man,White,FALSE
Tom Scioli,Man,White,FALSE
Tom Shippey,Man,White,FALSE
Tom Shone,Man,White,FALSE
Tom Siddell,Man,White,FALSE
Tom Sweterlitsch,Man,White,FALSE
Tom Wolfe,Man,White,FALSE
Tomi Adeyemi,Woman,Black,FALSE
Toni Morrison,Woman,Black,FALSE
Tori Bovalino,Woman,White,FALSE
Toshikazu Kawaguchi,Man,Asian,FALSE
Tracy Deonn,Woman,Black,FALSE
Tracy Townsend,Woman,White,FALSE
Tracy Wolff,Woman,White,FALSE
Travis Bagwell,Man,White,FALSE
Travis Baldree,Man,White,TRUE
Travis M. Riddle,Man,White,TRUE
Trent Dalton,Man,White,FALSE
Trenton Lee Stewart,Man,White,FALSE
Trevor Alan Foris,Man,White,FALSE
Tricia Levenseller,Woman,White,FALSE
Trudi Canavan,Woman,White,FALSE
Trudie Skies,Woman,White,FALSE
Trung Le Nguyen,Man,Asian,TRUE
Tsana Dolichva,Woman,White,FALSE
TurtleMe,Man,White,FALSE
Tyler Hayes,Man,White,FALSE
Tyler Whitesides,Man,White,FALSE
Tzvetan Todorov,Man,White,FALSE
Ueda Akinari,Man,Asian,FALSE
Ulla Thynell,Woman,White,FALSE
Umberto Eco,Man,White,FALSE
Un-Su Kim,Man,Asian,FALSE
Uri Kurlianchik,Man,White,FALSE
Ursula K. LeGuin,Woman,White,FALSE
Ursula K. Leguin & David Naimon,Unknown,White,FALSE
Ursula Vernon,Woman,White,FALSE
Uschi Zietsch,Woman,White,FALSE
V. Castro,Woman,Hispanic,FALSE
V.A Lewis,Man,White,FALSE
V.E. Schwab,Woman,White,FALSE
V.M. Jaskiernia,Woman,White,FALSE
Val Neil,Man,White,FALSE
Valerie Valdes,Woman,Hispanic,FALSE
Vandana Singh,Woman,Asian,FALSE
Vanessa Len,Woman,Asian,FALSE
Vashti Hardy,Woman,White,FALSE
Vaughan W. Smith,Man,White,FALSE
Vernor Vinge,Man,White,FALSE
Veronica Belmont,Woman,White,FALSE
Veronica G. Henry,Woman,Black,FALSE
Veronica Schanoes,Woman,White,FALSE
Vichet Ou,Unknown,Unknown,None
Victor Fernando R. Ocampo,Man,Asian,FALSE
Victor LaValle,Man,Black,FALSE
Victoria Aveline,Woman,White,FALSE
Victoria Aveyard,Woman,White,FALSE
Victoria Goddard,Woman,White,FALSE
Victoria Lee,Nonbinary,White,TRUE
Victoriano Cardenas,Nonbinary,Hispanic,TRUE
Vikram Paralkar,Man,Asian,TRUE
Vina Jie-Min Prasad,Woman,Asian,FALSE
Vincent Tassy,Man,White,FALSE
Violet Kupersmith,Woman,Asian,FALSE
Virginia M. Mohlere,Woman,White,FALSE
Virginia Woolf,Woman,White,FALSE
Vista McDowall,Woman,White,FALSE
Vivek Shraya,Woman,Asian,TRUE
Vivian Shaw,Woman,White,TRUE
Vivian Vande Velde,Woman,White,FALSE
Voltaire,Man,White,FALSE
Vonda N. McIntyre,Woman,White,FALSE
W.M. Akers,Man,White,FALSE
W.P. Kimball,Unknown,Unknown,None
W.R. MacNeill,Unknown,Unknown,None
Walter E. Meyers,Man,White,FALSE
Walter Goodwater,Man,White,FALSE
Walter M. Miller Jr.,Man,White,FALSE
Walter Moers,Man,White,FALSE
Walter Simonson,Man,White,FALSE
Walter Tevis,Man,White,FALSE
Warden1207,Unknown,Unknown,None
Warren Ellis,Man,White,FALSE
Wayne Barlowe,Man,White,FALSE
Wayne G. Hammond & Christina Scull,Unknown,White,FALSE
Webbonomicon,Unknown,Unknown,None
Wendy Webb,Woman,White,FALSE
Wesley Chu,Man,Asian,FALSE
Whitney Hill,Woman,White,FALSE
Wildbow,Man,White,FALSE
Wilkie Collins,Man,White,FALSE
Will McIntosh,Man,White,FALSE
Will Wight,Man,White,FALSE
Willa Reece,Woman,White,FALSE
William Alexander,Man,White,FALSE
William Blake,Man,White,FALSE
William C. Markham,Man,White,FALSE
William C. Tracy,Man,White,FALSE
William Faulkner,Man,White,FALSE
William Gibson,Man,White,FALSE
William Goldman,Man,White,FALSE
William Horwood,Man,White,FALSE
William Morris,Man,White,FALSE
William R. Bennett,Man,White,FALSE
William Ritter,Man,White,FALSE
William Shakespeare,Man,White,TRUE
William Strunk Jr.,Man,White,FALSE
Wizards of the Coast,Unknown,Unknown,None
Wole Talabi,Man,Black,FALSE
Wray Delaney,Woman,White,FALSE
Wren Douglas,Nonbinary,White,TRUE
Wu Cheng'En,Man,Asian,FALSE
Wyman Guin,Man,White,FALSE
Xander Boyce,Man,White,FALSE
Xia Jia,Woman,Asian,FALSE
Xiran Jay Zhao,Nonbinary,Asian,TRUE
Ya Boy,Man,White,FALSE
Yahtzee Croshaw,Man,White,FALSE
Yan Baibai,Woman,Asian,FALSE
Yan Ge,Woman,Asian,FALSE
Yan Huo Cheng Cheng,Man,Asian,FALSE
Yana Toboso,Woman,Asian,FALSE
Yangsze Choo,Woman,Asian,FALSE
Yaroslav Barsukov,Man,White,FALSE
Yei Theodora Ozaki,Woman,Asian,FALSE
Yens Wahlgren,Man,White,FALSE
Yoav Blum,Man,White,FALSE
Yoko Ogawa,Woman,Asian,FALSE
Yoo Ryeo Han,Man,Asian,FALSE
Yoon Ha Lee,Man,Asian,TRUE
Yoon Ha Lee & Becky Chambers & Rivers Solomon & S.L. Huang,Unknown,Asian,TRUE
Yoshihiro Togashi,Man,Asian,FALSE
Yoss,Man,Hispanic,FALSE
Yrsa Sigurdardottir,Woman,White,FALSE
Yrsillar,Man,White,FALSE
Yu Chen & Regina Kanyu Wang,Nonbinary,Asian,TRUE
Yudhanjaya Wijeratne,Man,Asian,FALSE
Yukito Ayatsuji,Man,Asian,FALSE
Yuval Noah Harari,Man,White,FALSE
Yvonne Navarro,Woman,Hispanic,FALSE
Zacariah Dracoulis,Man,White,FALSE
Zack Argyle,Man,White,FALSE
Zack Jordan,Man,White,FALSE
Zamil Akhtar,Man,Asian,FALSE
Zen Cho,Woman,Asian,FALSE
Zeyn Joukhadar,Man,Asian,TRUE
Zilpha Keatley Snyder,Woman,White,FALSE
Zin E. Rocklyn,Woman,Black,TRUE
Zita Eva Rohr & Lisa Benz,Woman,White,FALSE
Zoe Hana Mikuta,Woman,Asian,TRUE
Zoe Reed,Man,White,TRUE
Zogarth,Man,White,FALSE
Zoraida Cordova,Woman,Hispanic,FALSE
